productId,name,cleanName,imageUrl,categoryId,groupId,url,modifiedOn,imageCount,extNumber,extRarity,extCardType,extHP,extStage,extCardText,extAttack1,extWeakness,extResistance,extRetreatCost,lowPrice,midPrice,highPrice,marketPrice,directLowPrice,subTypeName,extAttack2
44418,Aerodactyl (1),Aerodactyl 1,https://tcgplayer-cdn.tcgplayer.com/product/44418_200w.jpg,3,630,https://cpt.tcgcsv.com/nNm,2022-11-18T15:33:49.947,1,01/62,Holo Rare,Fighting,60,Stage 1,"<strong>Pokémon Power: Prehistoric Power</strong> No more Evolution cards can be played. This power stops working while Aerodactyl is Asleep, Confused, or Paralyzed.",[3] Wing Attack (30),G,F-30,2,46.79,91.61,128.99,89.64,,1st Edition Holofoil,
44418,Aerodactyl (1),Aerodactyl 1,https://tcgplayer-cdn.tcgplayer.com/product/44418_200w.jpg,3,630,https://cpt.tcgcsv.com/nNm,2022-11-18T15:33:49.947,1,01/62,Holo Rare,Fighting,60,Stage 1,"<strong>Pokémon Power: Prehistoric Power</strong> No more Evolution cards can be played. This power stops working while Aerodactyl is Asleep, Confused, or Paralyzed.",[3] Wing Attack (30),G,F-30,2,15.19,20.14,49.99,24.02,,Unlimited Holofoil,
44419,Lapras (10),Lapras 10,https://tcgplayer-cdn.tcgplayer.com/product/44419_200w.jpg,3,630,https://cpt.tcgcsv.com/pNm,2025-05-07T13:01:09.687,1,10/62,Holo Rare,Water,80,Basic,,"[W] Water Gun (10+)
<br>Does 10 damage plus 10 more damage for each Water Energy attached to Lapras but not used to pay for this attack's Energy cost. You can't add more than 20 damage in this way.",L,,2,99.99,184.17,300.99,94.41,,1st Edition Holofoil,"[WW] Confuse Ray (10)
<br>Flip a coin. If heads, the Defending Pokémon is now Confused."
44419,Lapras (10),Lapras 10,https://tcgplayer-cdn.tcgplayer.com/product/44419_200w.jpg,3,630,https://cpt.tcgcsv.com/pNm,2025-05-07T13:01:09.687,1,10/62,Holo Rare,Water,80,Basic,,"[W] Water Gun (10+)
<br>Does 10 damage plus 10 more damage for each Water Energy attached to Lapras but not used to pay for this attack's Energy cost. You can't add more than 20 damage in this way.",L,,2,5.5,17.1,9999.0,22.54,,Unlimited Holofoil,"[WW] Confuse Ray (10)
<br>Flip a coin. If heads, the Defending Pokémon is now Confused."
44420,Magneton (11),Magneton 11,https://tcgplayer-cdn.tcgplayer.com/product/44420_200w.jpg,3,630,https://cpt.tcgcsv.com/qNm,2022-12-10T15:24:53.1,1,11/62,Holo Rare,Lightning,80,Stage 1,,"[1L] Sonicboom (20)
<br>Don't apply Weakness and Resistance for this attack. <em>(Any other effects that would happen after applying Weakness and Resistance still happen.)</em>",F,,2,24.47,37.2,69.95,39.12,,1st Edition Holofoil,"[LLLL] Selfdestruct (100)
<br>Does 20 damage to each Pokémon on each player's Bench. <em>(Don't apply Weakness and Resistance for Benched Pokémon.)</em> Magneton does 100 damage to itself."
44420,Magneton (11),Magneton 11,https://tcgplayer-cdn.tcgplayer.com/product/44420_200w.jpg,3,630,https://cpt.tcgcsv.com/qNm,2022-12-10T15:24:53.1,1,11/62,Holo Rare,Lightning,80,Stage 1,,"[1L] Sonicboom (20)
<br>Don't apply Weakness and Resistance for this attack. <em>(Any other effects that would happen after applying Weakness and Resistance still happen.)</em>",F,,2,7.17,11.94,40.7,14.62,,Unlimited Holofoil,"[LLLL] Selfdestruct (100)
<br>Does 20 damage to each Pokémon on each player's Bench. <em>(Don't apply Weakness and Resistance for Benched Pokémon.)</em> Magneton does 100 damage to itself."
44421,Moltres (12),Moltres 12,https://tcgplayer-cdn.tcgplayer.com/product/44421_200w.jpg,3,630,https://cpt.tcgcsv.com/rNm,2022-11-18T16:16:47.313,1,12/62,Holo Rare,Fire,70,Basic,,"[R] Wildfire
<br>You may discard any number of Fire Energy cards attached to Moltres when you use this attack. If you do, discard that many cards from the top of your opponent's deck.",,F-30,2,100.0,149.99,249.95,149.52,,1st Edition Holofoil,"[RRRR] Dive Bomb (80)
<br>Flip a coin. If tails, this attack does nothing."
44421,Moltres (12),Moltres 12,https://tcgplayer-cdn.tcgplayer.com/product/44421_200w.jpg,3,630,https://cpt.tcgcsv.com/rNm,2022-11-18T16:16:47.313,1,12/62,Holo Rare,Fire,70,Basic,,"[R] Wildfire
<br>You may discard any number of Fire Energy cards attached to Moltres when you use this attack. If you do, discard that many cards from the top of your opponent's deck.",,F-30,2,31.0,49.43,9999.0,55.31,,Unlimited Holofoil,"[RRRR] Dive Bomb (80)
<br>Flip a coin. If tails, this attack does nothing."
44422,Muk (13),Muk 13,https://tcgplayer-cdn.tcgplayer.com/product/44422_200w.jpg,3,630,https://cpt.tcgcsv.com/sNm,2023-06-29T16:24:08.817,1,13/62,Holo Rare,Grass,70,Stage 1,"<strong>Pokémon Power: Toxic Gas</strong> Ignore all Pokémon Powers other than Toxic Gasses. This power stops working while Muk is Asleep, Confused, or Paralyzed.","[GGG] Sludge (30)
<br>Flip a coin. If heads, the Defending Pokémon is now Poisoned.",P,,2,23.3,31.2,59.99,33.99,,1st Edition Holofoil,
44422,Muk (13),Muk 13,https://tcgplayer-cdn.tcgplayer.com/product/44422_200w.jpg,3,630,https://cpt.tcgcsv.com/sNm,2023-06-29T16:24:08.817,1,13/62,Holo Rare,Grass,70,Stage 1,"<strong>Pokémon Power: Toxic Gas</strong> Ignore all Pokémon Powers other than Toxic Gasses. This power stops working while Muk is Asleep, Confused, or Paralyzed.","[GGG] Sludge (30)
<br>Flip a coin. If heads, the Defending Pokémon is now Poisoned.",P,,2,3.69,5.92,19.95,5.9,,Unlimited Holofoil,
44423,Raichu (14),Raichu 14,https://tcgplayer-cdn.tcgplayer.com/product/44423_200w.jpg,3,630,https://cpt.tcgcsv.com/tNm,2023-02-09T17:53:26.04,1,14/62,Holo Rare,Lightning,90,Stage 1,,"[LLLL] Gigashock (30)
<br>Choose 3 of your opponent's Benched Pokémon and this attack does 10 damage to each of them. <em>(Don't apply Weakness and Resistance for Benched Pokemon.)</em> If your opponent has fewer than 3 Benched Pokémon, do the damage to each of them.",F,,1,63.9,132.7,174.95,96.21,169.99,1st Edition Holofoil,
44423,Raichu (14),Raichu 14,https://tcgplayer-cdn.tcgplayer.com/product/44423_200w.jpg,3,630,https://cpt.tcgcsv.com/tNm,2023-02-09T17:53:26.04,1,14/62,Holo Rare,Lightning,90,Stage 1,,"[LLLL] Gigashock (30)
<br>Choose 3 of your opponent's Benched Pokémon and this attack does 10 damage to each of them. <em>(Don't apply Weakness and Resistance for Benched Pokemon.)</em> If your opponent has fewer than 3 Benched Pokémon, do the damage to each of them.",F,,1,14.95,30.05,9999.0,31.67,,Unlimited Holofoil,
44424,Zapdos (15),Zapdos 15,https://tcgplayer-cdn.tcgplayer.com/product/44424_200w.jpg,3,630,https://cpt.tcgcsv.com/vNm,2024-09-27T19:01:12.313,1,15/62,Holo Rare,Lightning,80,Basic,,"[LLLL] Thunderstorm (40)
<br>For each of your opponent's Benched Pokémon, flip a coin. If heads, this attack does 20 damage to that Pokémon. <em>(Don't apply Weakness and Resistance for Benched Pokémon.)</em> Then, Zapdos does 10 damage time the number of tails to itself.",,F-30,2,97.79,140.98,9999.0,116.87,299.99,1st Edition Holofoil,
44424,Zapdos (15),Zapdos 15,https://tcgplayer-cdn.tcgplayer.com/product/44424_200w.jpg,3,630,https://cpt.tcgcsv.com/vNm,2024-09-27T19:01:12.313,1,15/62,Holo Rare,Lightning,80,Basic,,"[LLLL] Thunderstorm (40)
<br>For each of your opponent's Benched Pokémon, flip a coin. If heads, this attack does 20 damage to that Pokémon. <em>(Don't apply Weakness and Resistance for Benched Pokémon.)</em> Then, Zapdos does 10 damage time the number of tails to itself.",,F-30,2,11.49,19.79,121.55,24.88,,Unlimited Holofoil,
44425,Articuno (17),Articuno 17,https://tcgplayer-cdn.tcgplayer.com/product/44425_200w.jpg,3,630,https://cpt.tcgcsv.com/wNm,2024-10-17T06:05:58.477,1,17/62,Rare,Water,70,Basic,,"[WWW] Freeze Dry (30)
<br>Flip a coin. If heads, the Defending Pokémon is now Paralyzed.",None,F-30,2,13.49,16.02,49.95,18.82,,1st Edition,"[WWWW] Blizzard (50)
<br>Flip a coin. If heads, this attack does 10 damage to each of your opponent's Benched Pokémon. If tails, this attack does 10 damage to each of your own Benched Pokémon. <em>(Don't apply Weakness and Resistance for Benched Pokémon.)</em>"
44425,Articuno (17),Articuno 17,https://tcgplayer-cdn.tcgplayer.com/product/44425_200w.jpg,3,630,https://cpt.tcgcsv.com/wNm,2024-10-17T06:05:58.477,1,17/62,Rare,Water,70,Basic,,"[WWW] Freeze Dry (30)
<br>Flip a coin. If heads, the Defending Pokémon is now Paralyzed.",None,F-30,2,4.0,7.0,19.95,7.85,6.93,Unlimited,"[WWWW] Blizzard (50)
<br>Flip a coin. If heads, this attack does 10 damage to each of your opponent's Benched Pokémon. If tails, this attack does 10 damage to each of your own Benched Pokémon. <em>(Don't apply Weakness and Resistance for Benched Pokémon.)</em>"
44426,Ditto (18),Ditto 18,https://tcgplayer-cdn.tcgplayer.com/product/44426_200w.jpg,3,630,https://cpt.tcgcsv.com/xNm,2024-10-25T16:02:31.49,1,18/62,Rare,Colorless,50,Basic,"<strong>Pokémon Power: Transform</strong> If Ditto is your Active Pokémon, treat it as if it were the same card as the Defending Pokémon, including type, Hit Points, Weakness, and so on, except Ditto can't evolve, always has this Pokémon Power, and you may treat any Energy attached to Ditto as Energy of any type. Ditto isn't a copy of any other Pokémon while Ditto is Asleep, Confused, or Paralyzed.",,F,P-30,1,7.95,16.09,29.95,14.55,14.17,1st Edition,
44426,Ditto (18),Ditto 18,https://tcgplayer-cdn.tcgplayer.com/product/44426_200w.jpg,3,630,https://cpt.tcgcsv.com/xNm,2024-10-25T16:02:31.49,1,18/62,Rare,Colorless,50,Basic,"<strong>Pokémon Power: Transform</strong> If Ditto is your Active Pokémon, treat it as if it were the same card as the Defending Pokémon, including type, Hit Points, Weakness, and so on, except Ditto can't evolve, always has this Pokémon Power, and you may treat any Energy attached to Ditto as Energy of any type. Ditto isn't a copy of any other Pokémon while Ditto is Asleep, Confused, or Paralyzed.",,F,P-30,1,3.1,5.0,20.0,4.95,,Unlimited,
44427,Dragonite (19),Dragonite 19,https://tcgplayer-cdn.tcgplayer.com/product/44427_200w.jpg,3,630,https://cpt.tcgcsv.com/zNm,2024-05-08T14:19:08.037,1,19/62,Rare,Colorless,100,Stage 2,"<strong>Pokémon Power: Step In</strong> Once during your turn <em>(before your attack)</em>, if Dragonite is on your Bench, you may switch it with your Active Pokémon.","[4] Slam (40x)
<br>Flip 2 coins. This attack does 40 damage times the number of heads.",,F-30,1,32.0,42.5,69.99,33.68,,1st Edition,
44427,Dragonite (19),Dragonite 19,https://tcgplayer-cdn.tcgplayer.com/product/44427_200w.jpg,3,630,https://cpt.tcgcsv.com/zNm,2024-05-08T14:19:08.037,1,19/62,Rare,Colorless,100,Stage 2,"<strong>Pokémon Power: Step In</strong> Once during your turn <em>(before your attack)</em>, if Dragonite is on your Bench, you may switch it with your Active Pokémon.","[4] Slam (40x)
<br>Flip 2 coins. This attack does 40 damage times the number of heads.",,F-30,1,8.0,16.75,40.0,17.63,,Unlimited,
44428,Gengar (20),Gengar 20,https://tcgplayer-cdn.tcgplayer.com/product/44428_200w.jpg,3,630,https://cpt.tcgcsv.com/BNm,2024-11-17T13:07:51.5,1,20/62,Rare,Psychic,80,Stage 2,"<strong>Pokémon Power: Curse</strong> Once during your turn <em>(before your attack)</em>, you may move 1 damage counter from 1 of your opponent's Pokémon to another <em>(even if it would Knock Out the other Pokémon)</em> This power can't be used if Gengar is Asleep, Confused, or Paralyzed.","[PPP] Dark Mind (30)
<br>If your opponent has any Benched Pokémon, choose 1 of them and this attack does 10 damage to it. <em>(Don't apply Weakness and Resistance for Benched Pokémon.)</em>",,F-30,1,27.7,56.45,74.99,41.69,,1st Edition,
44428,Gengar (20),Gengar 20,https://tcgplayer-cdn.tcgplayer.com/product/44428_200w.jpg,3,630,https://cpt.tcgcsv.com/BNm,2024-11-17T13:07:51.5,1,20/62,Rare,Psychic,80,Stage 2,"<strong>Pokémon Power: Curse</strong> Once during your turn <em>(before your attack)</em>, you may move 1 damage counter from 1 of your opponent's Pokémon to another <em>(even if it would Knock Out the other Pokémon)</em> This power can't be used if Gengar is Asleep, Confused, or Paralyzed.","[PPP] Dark Mind (30)
<br>If your opponent has any Benched Pokémon, choose 1 of them and this attack does 10 damage to it. <em>(Don't apply Weakness and Resistance for Benched Pokémon.)</em>",,F-30,1,8.0,14.97,39.95,15.72,,Unlimited,
44429,Haunter (21),Haunter 21,https://tcgplayer-cdn.tcgplayer.com/product/44429_200w.jpg,3,630,https://cpt.tcgcsv.com/CNm,2024-08-05T05:10:25.487,1,21/62,Rare,Psychic,50,Stage 1,"<strong>Pokémon Power: Transparency</strong> Whenever an attack does anything to Haunter, flip a coin. If heads, prevent all effects of that attack, including damage, done to Haunter. This power stops working while Haunter is Asleep, Confused, or Paralyzed.","[1P] Nightmare (10)
<br>The Defending Pokémon is now Asleep.",,F-30,,7.14,19.0,29.95,13.12,,1st Edition,
44429,Haunter (21),Haunter 21,https://tcgplayer-cdn.tcgplayer.com/product/44429_200w.jpg,3,630,https://cpt.tcgcsv.com/CNm,2024-08-05T05:10:25.487,1,21/62,Rare,Psychic,50,Stage 1,"<strong>Pokémon Power: Transparency</strong> Whenever an attack does anything to Haunter, flip a coin. If heads, prevent all effects of that attack, including damage, done to Haunter. This power stops working while Haunter is Asleep, Confused, or Paralyzed.","[1P] Nightmare (10)
<br>The Defending Pokémon is now Asleep.",,F-30,,2.2,4.72,13.75,5.04,5.18,Unlimited,
44430,Hitmonlee (22),Hitmonlee 22,https://tcgplayer-cdn.tcgplayer.com/product/44430_200w.jpg,3,630,https://cpt.tcgcsv.com/DNm,2022-11-18T16:03:24.98,1,22/62,Rare,Fighting,60,Basic,,"[FF] Stretch Kick
<br>If your opponent has any Benched Pokémon, choose 1 of them and this attack does 20 damage to it. <em>(Don't apply Weakness and Resistance for Benched Pokémon.)</em>",P,,1,6.09,7.99,29.95,9.86,,1st Edition,[FFF] High Jump Kick (50)
44430,Hitmonlee (22),Hitmonlee 22,https://tcgplayer-cdn.tcgplayer.com/product/44430_200w.jpg,3,630,https://cpt.tcgcsv.com/DNm,2022-11-18T16:03:24.98,1,22/62,Rare,Fighting,60,Basic,,"[FF] Stretch Kick
<br>If your opponent has any Benched Pokémon, choose 1 of them and this attack does 20 damage to it. <em>(Don't apply Weakness and Resistance for Benched Pokémon.)</em>",P,,1,1.99,4.52,12.95,4.64,,Unlimited,[FFF] High Jump Kick (50)
44431,Hypno (23),Hypno 23,https://tcgplayer-cdn.tcgplayer.com/product/44431_200w.jpg,3,630,https://cpt.tcgcsv.com/FNm,2022-11-18T16:06:08.88,1,23/62,Rare,Psychic,90,Stage 1,,"[P] Prophecy
<br>Look at up to 3 cards from the top of either player's deck and rearrange them as you like.",P,,2,6.02,12.0,29.95,12.07,,1st Edition,"[PPP] Dark Mind (30)
<br>If your opponent has any Benched Pokémon, choose 1 of them and this attack does 10 damage to it. <em>(Don't apply Weakness and Resistance for Benched Pokémon.)</em>"
44431,Hypno (23),Hypno 23,https://tcgplayer-cdn.tcgplayer.com/product/44431_200w.jpg,3,630,https://cpt.tcgcsv.com/FNm,2022-11-18T16:06:08.88,1,23/62,Rare,Psychic,90,Stage 1,,"[P] Prophecy
<br>Look at up to 3 cards from the top of either player's deck and rearrange them as you like.",P,,2,1.99,3.49,12.95,3.8,,Unlimited,"[PPP] Dark Mind (30)
<br>If your opponent has any Benched Pokémon, choose 1 of them and this attack does 10 damage to it. <em>(Don't apply Weakness and Resistance for Benched Pokémon.)</em>"
44432,Kabutops (24),Kabutops 24,https://tcgplayer-cdn.tcgplayer.com/product/44432_200w.jpg,3,630,https://cpt.tcgcsv.com/GNm,2023-06-10T18:30:06.4,1,24/62,Rare,Fighting,60,Stage 2,,[FF] Sharp Sickle (30),G,,1,6.49,11.12,29.95,12.49,,1st Edition,"[FFFF] Absorb (40)
<br>Remove a number of damage counters from Kabutops equal to half the damage done to the Defending Pokémon <em>(after applying Weakness and Resistance)</em> (round up to the nearest 10). If Kabutops has fewer damage counters than that, remove all of them."
44432,Kabutops (24),Kabutops 24,https://tcgplayer-cdn.tcgplayer.com/product/44432_200w.jpg,3,630,https://cpt.tcgcsv.com/GNm,2023-06-10T18:30:06.4,1,24/62,Rare,Fighting,60,Stage 2,,[FF] Sharp Sickle (30),G,,1,2.35,4.01,12.95,4.8,,Unlimited,"[FFFF] Absorb (40)
<br>Remove a number of damage counters from Kabutops equal to half the damage done to the Defending Pokémon <em>(after applying Weakness and Resistance)</em> (round up to the nearest 10). If Kabutops has fewer damage counters than that, remove all of them."
44433,Arbok,Arbok,https://tcgplayer-cdn.tcgplayer.com/product/44433_200w.jpg,3,630,https://cpt.tcgcsv.com/HNm,2025-01-12T11:34:13.517,1,31/62,Uncommon,Grass,60,Stage 1,,"[G] Terror Strike (10)
<br>Flip a coin. If heads and if your opponent has any Benched Pokémon, he or she chooses 1 of them and switches it with the Defending Pokémon. <em>(Do the damage before switching the Pokémon.)</em>",P,,2,0.95,2.43,9.95,2.72,,1st Edition,"[1GG] Poison Fang (20)
<br>The Defending Pokémon is now Poisoned."
44433,Arbok,Arbok,https://tcgplayer-cdn.tcgplayer.com/product/44433_200w.jpg,3,630,https://cpt.tcgcsv.com/HNm,2025-01-12T11:34:13.517,1,31/62,Uncommon,Grass,60,Stage 1,,"[G] Terror Strike (10)
<br>Flip a coin. If heads and if your opponent has any Benched Pokémon, he or she chooses 1 of them and switches it with the Defending Pokémon. <em>(Do the damage before switching the Pokémon.)</em>",P,,2,0.19,0.7,4.95,0.76,,Unlimited,"[1GG] Poison Fang (20)
<br>The Defending Pokémon is now Poisoned."
44434,Cloyster,Cloyster,https://tcgplayer-cdn.tcgplayer.com/product/44434_200w.jpg,3,630,https://cpt.tcgcsv.com/JNm,2025-02-02T13:34:36.28,1,32/62,Uncommon,Water,50,Stage 1,,"[WW] Clamp (30)
<br>Flip a coin. If heads, the Defending Pokémon is now Paralyzed. If tails, this attack does nothing <em>(not even damage)</em>.",L,,2,0.7,2.03,9.95,2.62,,1st Edition,"[WW] Spike Cannon (30x)
<br>Flip 2 coins. This attack does 30 damage times the number of heads."
44434,Cloyster,Cloyster,https://tcgplayer-cdn.tcgplayer.com/product/44434_200w.jpg,3,630,https://cpt.tcgcsv.com/JNm,2025-02-02T13:34:36.28,1,32/62,Uncommon,Water,50,Stage 1,,"[WW] Clamp (30)
<br>Flip a coin. If heads, the Defending Pokémon is now Paralyzed. If tails, this attack does nothing <em>(not even damage)</em>.",L,,2,0.24,0.57,4.95,0.81,,Unlimited,"[WW] Spike Cannon (30x)
<br>Flip 2 coins. This attack does 30 damage times the number of heads."
44435,Gastly,Gastly,https://tcgplayer-cdn.tcgplayer.com/product/44435_200w.jpg,3,630,https://cpt.tcgcsv.com/KNm,2024-11-09T04:08:38.453,1,33/62,Uncommon,Psychic,50,Basic,,"[P] Lick (10)
<br>Flip a coin. If heads, the Defending Pokémon is now Paralyzed.",,F-30,,1.23,2.5,9.95,3.57,,1st Edition,"[PP] Energy Conversion
<br>Put up to 2 Energy cards from your discard pile into your hand. Gastly does 10 damage to itself."
44435,Gastly,Gastly,https://tcgplayer-cdn.tcgplayer.com/product/44435_200w.jpg,3,630,https://cpt.tcgcsv.com/KNm,2024-11-09T04:08:38.453,1,33/62,Uncommon,Psychic,50,Basic,,"[P] Lick (10)
<br>Flip a coin. If heads, the Defending Pokémon is now Paralyzed.",,F-30,,0.2,0.58,6.99,0.86,,Unlimited,"[PP] Energy Conversion
<br>Put up to 2 Energy cards from your discard pile into your hand. Gastly does 10 damage to itself."
44436,Golbat,Golbat,https://tcgplayer-cdn.tcgplayer.com/product/44436_200w.jpg,3,630,https://cpt.tcgcsv.com/LNm,2023-10-13T12:10:01.62,1,34/62,Uncommon,Grass,60,Stage 1,,[3] Wing Attack (30),P,F-30,,1.17,2.0,9.95,2.57,1.48,1st Edition,"[1GG] Leech Life (20)
<br>Remove a number of damage counters from Golbat equal to the damage done to the Defending Pokémon <em>(after applying Weakness and Resistance)</em>. If Golbat has fewer damage counters than that, remove all of them."
44436,Golbat,Golbat,https://tcgplayer-cdn.tcgplayer.com/product/44436_200w.jpg,3,630,https://cpt.tcgcsv.com/LNm,2023-10-13T12:10:01.62,1,34/62,Uncommon,Grass,60,Stage 1,,[3] Wing Attack (30),P,F-30,,0.2,0.5,4.95,0.6,,Unlimited,"[1GG] Leech Life (20)
<br>Remove a number of damage counters from Golbat equal to the damage done to the Defending Pokémon <em>(after applying Weakness and Resistance)</em>. If Golbat has fewer damage counters than that, remove all of them."
44437,Golduck,Golduck,https://tcgplayer-cdn.tcgplayer.com/product/44437_200w.jpg,3,630,https://cpt.tcgcsv.com/MNm,2025-04-22T05:11:28.627,1,35/62,Uncommon,Water,70,Stage 1,,"[P] Psyshock (10)
<br>Flip a coin. If heads, the Defending Pokémon is now Paralyzed.",L,,1,1.39,2.64,12.95,2.78,2.24,1st Edition,"[1WW] Hyper Beam (20)
<br>If the Defending Pokémon has any Energy cards attached to it, choose 1 of them and discard it."
44437,Golduck,Golduck,https://tcgplayer-cdn.tcgplayer.com/product/44437_200w.jpg,3,630,https://cpt.tcgcsv.com/MNm,2025-04-22T05:11:28.627,1,35/62,Uncommon,Water,70,Stage 1,,"[P] Psyshock (10)
<br>Flip a coin. If heads, the Defending Pokémon is now Paralyzed.",L,,1,0.2,0.75,4.95,1.07,,Unlimited,"[1WW] Hyper Beam (20)
<br>If the Defending Pokémon has any Energy cards attached to it, choose 1 of them and discard it."
44438,Golem,Golem,https://tcgplayer-cdn.tcgplayer.com/product/44438_200w.jpg,3,630,https://cpt.tcgcsv.com/NNm,2025-03-27T08:36:01.657,1,36/62,Uncommon,Fighting,80,Stage 2,,[1FFF] Avalanche (60),G,,4,1.84,3.3,2161.78,4.37,,1st Edition,"[FFFF] Selfdestruct (100)
<br>Does 20 damage to each Pokémon on each player's Bench. <em>(Don't apply Weakness and Resistance for Benched Pokemon.)</em> Golem does 100 damage to itself."
44438,Golem,Golem,https://tcgplayer-cdn.tcgplayer.com/product/44438_200w.jpg,3,630,https://cpt.tcgcsv.com/NNm,2025-03-27T08:36:01.657,1,36/62,Uncommon,Fighting,80,Stage 2,,[1FFF] Avalanche (60),G,,4,0.24,0.91,28.99,0.93,,Unlimited,"[FFFF] Selfdestruct (100)
<br>Does 20 damage to each Pokémon on each player's Bench. <em>(Don't apply Weakness and Resistance for Benched Pokemon.)</em> Golem does 100 damage to itself."
44439,Graveler,Graveler,https://tcgplayer-cdn.tcgplayer.com/product/44439_200w.jpg,3,630,https://cpt.tcgcsv.com/PNm,2025-04-27T10:57:54.867,1,37/62,Uncommon,Fighting,60,Stage 1,,"[FF] Harden
<br>During your opponent's next turn, whenever 30 or less damage is done to Graveler <em>(after applying Weakness and Resistance)</em>, prevent that damage. <em>(Any other effects of attacks still happen.)</em>",G,,2,0.75,2.09,9.95,2.12,2.49,1st Edition,[1FF] Rock Throw (40)
44439,Graveler,Graveler,https://tcgplayer-cdn.tcgplayer.com/product/44439_200w.jpg,3,630,https://cpt.tcgcsv.com/PNm,2025-04-27T10:57:54.867,1,37/62,Uncommon,Fighting,60,Stage 1,,"[FF] Harden
<br>During your opponent's next turn, whenever 30 or less damage is done to Graveler <em>(after applying Weakness and Resistance)</em>, prevent that damage. <em>(Any other effects of attacks still happen.)</em>",G,,2,0.18,0.5,63975.96,0.58,0.77,Unlimited,[1FF] Rock Throw (40)
44440,Kingler,Kingler,https://tcgplayer-cdn.tcgplayer.com/product/44440_200w.jpg,3,630,https://cpt.tcgcsv.com/QNm,2023-07-08T14:20:10.12,1,38/62,Uncommon,Water,60,Stage 1,,"[W] Flail (10x)
<br>Does 10 damage times the number of damage counters on Kingler.",L,,3,0.91,1.78,9.95,2.36,,1st Edition,[1WW] Crabhammer (40)
44440,Kingler,Kingler,https://tcgplayer-cdn.tcgplayer.com/product/44440_200w.jpg,3,630,https://cpt.tcgcsv.com/QNm,2023-07-08T14:20:10.12,1,38/62,Uncommon,Water,60,Stage 1,,"[W] Flail (10x)
<br>Does 10 damage times the number of damage counters on Kingler.",L,,3,0.1,0.48,63975.96,0.48,,Unlimited,[1WW] Crabhammer (40)
44441,Magmar,Magmar,https://tcgplayer-cdn.tcgplayer.com/product/44441_200w.jpg,3,630,https://cpt.tcgcsv.com/RNm,2024-03-14T20:08:23.81,1,39/62,Uncommon,Fire,70,Basic,,"[R] Smokescreen (10)
<br>If the Defending Pokémon tries to attack during your opponent's next turn, your opponent flips a coin. If tails, that attack does nothing.",W,,1,1.25,2.18,9.95,2.47,,1st Edition,"[RR] Smog (20)
<br>Flip a coin. If heads, the Defending Pokémon is now Poisoned."
44441,Magmar,Magmar,https://tcgplayer-cdn.tcgplayer.com/product/44441_200w.jpg,3,630,https://cpt.tcgcsv.com/RNm,2024-03-14T20:08:23.81,1,39/62,Uncommon,Fire,70,Basic,,"[R] Smokescreen (10)
<br>If the Defending Pokémon tries to attack during your opponent's next turn, your opponent flips a coin. If tails, that attack does nothing.",W,,1,0.1,0.5,18.99,0.63,,Unlimited,"[RR] Smog (20)
<br>Flip a coin. If heads, the Defending Pokémon is now Poisoned."
44442,Omastar,Omastar,https://tcgplayer-cdn.tcgplayer.com/product/44442_200w.jpg,3,630,https://cpt.tcgcsv.com/SNm,2023-02-03T19:21:05.657,1,40/62,Uncommon,Water,70,Stage 1,,"[1W] Water Gun (20+)
<br>Does 20 damage plus 10 more damage for each Water Energy attached to Omastar, but not used to pay for this attack's Energy cost. You can't add more than 20 damage in this way.",G,,1,1.09,2.19,9.95,2.91,1.99,1st Edition,"[WW] Spike Cannon (30x)
<br>Flip 2 coins. This attack does 30 damage times the number of heads."
44442,Omastar,Omastar,https://tcgplayer-cdn.tcgplayer.com/product/44442_200w.jpg,3,630,https://cpt.tcgcsv.com/SNm,2023-02-03T19:21:05.657,1,40/62,Uncommon,Water,70,Stage 1,,"[1W] Water Gun (20+)
<br>Does 20 damage plus 10 more damage for each Water Energy attached to Omastar, but not used to pay for this attack's Energy cost. You can't add more than 20 damage in this way.",G,,1,0.22,0.77,4.95,0.89,,Unlimited,"[WW] Spike Cannon (30x)
<br>Flip 2 coins. This attack does 30 damage times the number of heads."
44443,Sandslash,Sandslash,https://tcgplayer-cdn.tcgplayer.com/product/44443_200w.jpg,3,630,https://cpt.tcgcsv.com/TNm,2023-05-29T10:51:50.703,1,41/62,Uncommon,Fighting,70,Stage 1,,[2] Slash (20),G,L-30,1,1.19,2.5,9.95,3.19,,1st Edition,"[FF] Fury Swipes (20x)
<br>Flip 3 coins. This attack does 20 damage times the number of heads."
44443,Sandslash,Sandslash,https://tcgplayer-cdn.tcgplayer.com/product/44443_200w.jpg,3,630,https://cpt.tcgcsv.com/TNm,2023-05-29T10:51:50.703,1,41/62,Uncommon,Fighting,70,Stage 1,,[2] Slash (20),G,L-30,1,0.25,0.7,4.95,0.75,,Unlimited,"[FF] Fury Swipes (20x)
<br>Flip 3 coins. This attack does 20 damage times the number of heads."
44444,Seadra,Seadra,https://tcgplayer-cdn.tcgplayer.com/product/44444_200w.jpg,3,630,https://cpt.tcgcsv.com/VNm,2023-12-16T05:10:57.83,1,42/62,Uncommon,Water,60,Stage 1,,"[1W] Water Gun (20+)
<br>Does 20 damage plus 10 more damage for each Water Energy attached to Seadra but not used to pay for this attack's Energy cost. You can't add more than 20 damage in this way.",L,,1,1.2,1.93,9.95,2.11,1.32,1st Edition,"[2W] Agility (20)
<br>Flip a coin. If heads, during your opponent's next turn, prevent all effects of attacks, including damage, done to Seadra."
44444,Seadra,Seadra,https://tcgplayer-cdn.tcgplayer.com/product/44444_200w.jpg,3,630,https://cpt.tcgcsv.com/VNm,2023-12-16T05:10:57.83,1,42/62,Uncommon,Water,60,Stage 1,,"[1W] Water Gun (20+)
<br>Does 20 damage plus 10 more damage for each Water Energy attached to Seadra but not used to pay for this attack's Energy cost. You can't add more than 20 damage in this way.",L,,1,0.1,0.46,5.55,0.46,0.41,Unlimited,"[2W] Agility (20)
<br>Flip a coin. If heads, during your opponent's next turn, prevent all effects of attacks, including damage, done to Seadra."
44445,Slowbro,Slowbro,https://tcgplayer-cdn.tcgplayer.com/product/44445_200w.jpg,3,630,https://cpt.tcgcsv.com/WNm,2025-03-10T05:52:02.5,1,43/62,Uncommon,Psychic,60,Stage 1,"<strong>Pokémon Power: Strange Behavior</strong> As often as you like during your turn <em>(before your attack)</em>, you may move 1 damage counter from 1 of your Pokémon to Slowbro as long as you don't Knock Out Slowbro. This power can't be used if Slowbro is Asleep, Confused, or Paralyzed.","[PP] Psyshock (20)
<br>Flip a coin. If heads, the Defending Pokémon is now Paralyzed.",P,,1,1.75,3.0,12.95,3.74,,1st Edition,
44445,Slowbro,Slowbro,https://tcgplayer-cdn.tcgplayer.com/product/44445_200w.jpg,3,630,https://cpt.tcgcsv.com/WNm,2025-03-10T05:52:02.5,1,43/62,Uncommon,Psychic,60,Stage 1,"<strong>Pokémon Power: Strange Behavior</strong> As often as you like during your turn <em>(before your attack)</em>, you may move 1 damage counter from 1 of your Pokémon to Slowbro as long as you don't Knock Out Slowbro. This power can't be used if Slowbro is Asleep, Confused, or Paralyzed.","[PP] Psyshock (20)
<br>Flip a coin. If heads, the Defending Pokémon is now Paralyzed.",P,,1,0.28,0.8,4.95,0.94,,Unlimited,
44446,Tentacruel,Tentacruel,https://tcgplayer-cdn.tcgplayer.com/product/44446_200w.jpg,3,630,https://cpt.tcgcsv.com/XNm,2025-03-03T03:55:45.83,1,44/62,Uncommon,Water,60,Stage 1,,"[W] Supersonic
<br>Flip a coin. If heads, the Defending Pokémon is now Confused.",L,,,1.23,2.25,9.95,2.47,,1st Edition,"[WW] Jellyfish Sting (10)
<br>The Defending Pokémon is now Poisoned."
44446,Tentacruel,Tentacruel,https://tcgplayer-cdn.tcgplayer.com/product/44446_200w.jpg,3,630,https://cpt.tcgcsv.com/XNm,2025-03-03T03:55:45.83,1,44/62,Uncommon,Water,60,Stage 1,,"[W] Supersonic
<br>Flip a coin. If heads, the Defending Pokémon is now Confused.",L,,,0.24,0.86,4.95,0.86,,Unlimited,"[WW] Jellyfish Sting (10)
<br>The Defending Pokémon is now Poisoned."
44447,Weezing,Weezing,https://tcgplayer-cdn.tcgplayer.com/product/44447_200w.jpg,3,630,https://cpt.tcgcsv.com/ZNm,2024-09-20T13:15:23.987,1,45/62,Uncommon,Grass,60,Stage 1,,"[GG] Smog (20)
<br>Flip a coin. If heads, the Defending Pokémon is now Poisoned.",P,,1,1.2,1.91,7.99,2.3,,1st Edition,"[1GG] Selfdestruct (60)
<br>Does 10 damage to each Pokémon on each player's Bench. <em>(Don't apply Weakness and Resistance for Benched Pokémon.)</em> Weezing does 60 damage to itself."
44447,Weezing,Weezing,https://tcgplayer-cdn.tcgplayer.com/product/44447_200w.jpg,3,630,https://cpt.tcgcsv.com/ZNm,2024-09-20T13:15:23.987,1,45/62,Uncommon,Grass,60,Stage 1,,"[GG] Smog (20)
<br>Flip a coin. If heads, the Defending Pokémon is now Poisoned.",P,,1,0.18,0.67,4.95,0.76,,Unlimited,"[1GG] Selfdestruct (60)
<br>Does 10 damage to each Pokémon on each player's Bench. <em>(Don't apply Weakness and Resistance for Benched Pokémon.)</em> Weezing does 60 damage to itself."
44448,Ekans,Ekans,https://tcgplayer-cdn.tcgplayer.com/product/44448_200w.jpg,3,630,https://cpt.tcgcsv.com/-Nm,2025-01-16T07:06:02.23,1,46/62,Common,Grass,40,Basic,,"[G] Spit Poison
<br>Flip a coin. If heads, the Defending Pokémon is now Poisoned.",P,,1,0.24,1.0,6.44,1.05,,1st Edition,"[1G] Wrap (20)
<br>Flip a coin. If heads, the Defending Pokémon is now Paralyzed."
44448,Ekans,Ekans,https://tcgplayer-cdn.tcgplayer.com/product/44448_200w.jpg,3,630,https://cpt.tcgcsv.com/-Nm,2025-01-16T07:06:02.23,1,46/62,Common,Grass,40,Basic,,"[G] Spit Poison
<br>Flip a coin. If heads, the Defending Pokémon is now Poisoned.",P,,1,0.05,0.31,9999.0,0.28,0.23,Unlimited,"[1G] Wrap (20)
<br>Flip a coin. If heads, the Defending Pokémon is now Paralyzed."
44449,Geodude,Geodude,https://tcgplayer-cdn.tcgplayer.com/product/44449_200w.jpg,3,630,https://cpt.tcgcsv.com/_Nm,2024-07-26T19:10:44.19,1,47/62,Common,Fighting,50,Basic,,"[1F] Stone Barrage (10x)
<br>Flip a coin until you get tails. This attack does 10 damage times the number of heads.",G,,1,0.38,1.19,7.92,1.32,1.79,1st Edition,
44449,Geodude,Geodude,https://tcgplayer-cdn.tcgplayer.com/product/44449_200w.jpg,3,630,https://cpt.tcgcsv.com/_Nm,2024-07-26T19:10:44.19,1,47/62,Common,Fighting,50,Basic,,"[1F] Stone Barrage (10x)
<br>Flip a coin until you get tails. This attack does 10 damage times the number of heads.",G,,1,0.09,0.31,41861.88,0.3,,Unlimited,
44450,Grimer,Grimer,https://tcgplayer-cdn.tcgplayer.com/product/44450_200w.jpg,3,630,https://cpt.tcgcsv.com/0Pm,2024-07-26T19:10:44.22,1,48/62,Common,Grass,50,Basic,,"[1] Nasty Goo (10)
<br>Flip a coin. If heads, the Defending Pokémon is now Paralyzed.",P,,1,0.2,0.99,150.0,0.9,,1st Edition,"[G] Minimize
<br>All damage done by attacks to Grimer during your opponent's next turn is reduced by 20 <em>(after applying Weakness and Resistance)</em>."
44450,Grimer,Grimer,https://tcgplayer-cdn.tcgplayer.com/product/44450_200w.jpg,3,630,https://cpt.tcgcsv.com/0Pm,2024-07-26T19:10:44.22,1,48/62,Common,Grass,50,Basic,,"[1] Nasty Goo (10)
<br>Flip a coin. If heads, the Defending Pokémon is now Paralyzed.",P,,1,0.1,0.33,4.95,0.31,,Unlimited,"[G] Minimize
<br>All damage done by attacks to Grimer during your opponent's next turn is reduced by 20 <em>(after applying Weakness and Resistance)</em>."
44451,Horsea,Horsea,https://tcgplayer-cdn.tcgplayer.com/product/44451_200w.jpg,3,630,https://cpt.tcgcsv.com/2Pm,2024-03-14T20:07:23.947,1,49/62,Common,Water,40,Basic,,"[W] Smokescreen (10)
<br>If the Defending Pokémon tries to attack during your opponent's next turn, your opponent flips a coin. If tails, that attack does nothing.",L,,,0.25,1.0,5.0,1.06,,1st Edition,
44451,Horsea,Horsea,https://tcgplayer-cdn.tcgplayer.com/product/44451_200w.jpg,3,630,https://cpt.tcgcsv.com/2Pm,2024-03-14T20:07:23.947,1,49/62,Common,Water,40,Basic,,"[W] Smokescreen (10)
<br>If the Defending Pokémon tries to attack during your opponent's next turn, your opponent flips a coin. If tails, that attack does nothing.",L,,,0.04,0.33,4.99,0.38,0.18,Unlimited,
44452,Kabuto,Kabuto,https://tcgplayer-cdn.tcgplayer.com/product/44452_200w.jpg,3,630,https://cpt.tcgcsv.com/3Pm,2025-05-20T05:10:54.563,1,50/62,Common,Fighting,30,Stage 1,"<strong>Pokémon Power: Kabuto Armor</strong> Whenever an attack <em>(even your own)</em> does damage to Kabuto <em>(after applying Weakness and Resistance)</em>, that attack only does half the damage to Kabuto (rounded down to the nearest 10). <em>(Any other effects of attacks still happen.)</em> This power stops working while Kabuto is Asleep, Confused, or Paralyzed.",[1] Scratch (10),G,,1,0.1,1.35,5.68,1.42,1.18,1st Edition,
44452,Kabuto,Kabuto,https://tcgplayer-cdn.tcgplayer.com/product/44452_200w.jpg,3,630,https://cpt.tcgcsv.com/3Pm,2025-05-20T05:10:54.563,1,50/62,Common,Fighting,30,Stage 1,"<strong>Pokémon Power: Kabuto Armor</strong> Whenever an attack <em>(even your own)</em> does damage to Kabuto <em>(after applying Weakness and Resistance)</em>, that attack only does half the damage to Kabuto (rounded down to the nearest 10). <em>(Any other effects of attacks still happen.)</em> This power stops working while Kabuto is Asleep, Confused, or Paralyzed.",[1] Scratch (10),G,,1,0.05,0.37,4.99,0.41,0.47,Unlimited,
44453,Krabby,Krabby,https://tcgplayer-cdn.tcgplayer.com/product/44453_200w.jpg,3,630,https://cpt.tcgcsv.com/5Pm,2023-06-26T10:00:39.173,1,51/62,Common,Water,50,Basic,,"[W] Call for Family
<br>Search your deck for a Basic Pokémon named Krabby and put it onto your Bench. Shuffle your deck afterward. <em>(You can't use this attack if your Bench is full.)</em>",L,,2,0.23,1.0,4.99,0.98,,1st Edition,[1W] Irongrip (20)
44453,Krabby,Krabby,https://tcgplayer-cdn.tcgplayer.com/product/44453_200w.jpg,3,630,https://cpt.tcgcsv.com/5Pm,2023-06-26T10:00:39.173,1,51/62,Common,Water,50,Basic,,"[W] Call for Family
<br>Search your deck for a Basic Pokémon named Krabby and put it onto your Bench. Shuffle your deck afterward. <em>(You can't use this attack if your Bench is full.)</em>",L,,2,0.1,0.32,37656.36,0.32,,Unlimited,[1W] Irongrip (20)
44454,Omanyte,Omanyte,https://tcgplayer-cdn.tcgplayer.com/product/44454_200w.jpg,3,630,https://cpt.tcgcsv.com/6Pm,2024-07-26T19:10:44.283,1,52/62,Common,Water,40,Stage 1,"<strong>Pokémon Power: Clairvoyance</strong> Your opponent plays with his or her hand face up. This power stops working while Omanyte is Asleep, Confused, or Paralyzed.","[W] Water Gun (10+)
<br>Does 10 damage plus 10 more damage for each Water Energy attached to Omanyte but not used to pay for this attack's Energy cost. You can't add more than 20 damage in this way.",G,,1,0.25,1.0,5.0,1.19,,1st Edition,
44454,Omanyte,Omanyte,https://tcgplayer-cdn.tcgplayer.com/product/44454_200w.jpg,3,630,https://cpt.tcgcsv.com/6Pm,2024-07-26T19:10:44.283,1,52/62,Common,Water,40,Stage 1,"<strong>Pokémon Power: Clairvoyance</strong> Your opponent plays with his or her hand face up. This power stops working while Omanyte is Asleep, Confused, or Paralyzed.","[W] Water Gun (10+)
<br>Does 10 damage plus 10 more damage for each Water Energy attached to Omanyte but not used to pay for this attack's Energy cost. You can't add more than 20 damage in this way.",G,,1,0.14,0.4,4.95,0.42,0.47,Unlimited,
44455,Psyduck,Psyduck,https://tcgplayer-cdn.tcgplayer.com/product/44455_200w.jpg,3,630,https://cpt.tcgcsv.com/7Pm,2023-08-13T01:30:53.22,1,53/62,Common,Water,50,Basic,,"[P] Headache
<br>Your opponent can't play Trainer cards during his or her next turn.",L,,1,0.21,1.99,35.0,2.52,,1st Edition,"[W] Fury Swipes (10x)
<br>Flip 3 coins. This attack does 10 damage times the number of heads."
44455,Psyduck,Psyduck,https://tcgplayer-cdn.tcgplayer.com/product/44455_200w.jpg,3,630,https://cpt.tcgcsv.com/7Pm,2023-08-13T01:30:53.22,1,53/62,Common,Water,50,Basic,,"[P] Headache
<br>Your opponent can't play Trainer cards during his or her next turn.",L,,1,0.1,0.5,17.0,0.52,,Unlimited,"[W] Fury Swipes (10x)
<br>Flip 3 coins. This attack does 10 damage times the number of heads."
44456,Shellder,Shellder,https://tcgplayer-cdn.tcgplayer.com/product/44456_200w.jpg,3,630,https://cpt.tcgcsv.com/8Pm,2025-05-13T10:09:54.217,1,54/62,Common,Water,30,Basic,,"[W] Supersonic
<br>Flip a coin. If heads, the Defending Pokémon is now Confused.",L,,1,0.01,0.96,4.99,0.91,1.0,1st Edition,"[W] Hide in Shell 
<br>Flip a coin. If heads, prevent all damage done to Shellder during your opponent's next turn. <em>(Any other effects of attacks still happen.)</em>"
44456,Shellder,Shellder,https://tcgplayer-cdn.tcgplayer.com/product/44456_200w.jpg,3,630,https://cpt.tcgcsv.com/8Pm,2025-05-13T10:09:54.217,1,54/62,Common,Water,30,Basic,,"[W] Supersonic
<br>Flip a coin. If heads, the Defending Pokémon is now Confused.",L,,1,0.1,0.35,41861.88,0.34,,Unlimited,"[W] Hide in Shell 
<br>Flip a coin. If heads, prevent all damage done to Shellder during your opponent's next turn. <em>(Any other effects of attacks still happen.)</em>"
44457,Slowpoke,Slowpoke,https://tcgplayer-cdn.tcgplayer.com/product/44457_200w.jpg,3,630,https://cpt.tcgcsv.com/9Pm,2024-07-26T19:10:44.313,1,55/62,Common,Psychic,50,Basic,,"[1] Spacing Out
<br>Flip a coin. If heads, remove a damage counter from Slowpoke. This attack can't be used if Slowpoke has no damage counters on it.",P,,1,0.54,1.48,9.95,1.54,,1st Edition,"[PP] Scavenge
<br>Discard 1 Psychic Energy card attached to Slowpoke in order to use this attack. Put a Trainer card from your discard pile to your hand."
44457,Slowpoke,Slowpoke,https://tcgplayer-cdn.tcgplayer.com/product/44457_200w.jpg,3,630,https://cpt.tcgcsv.com/9Pm,2024-07-26T19:10:44.313,1,55/62,Common,Psychic,50,Basic,,"[1] Spacing Out
<br>Flip a coin. If heads, remove a damage counter from Slowpoke. This attack can't be used if Slowpoke has no damage counters on it.",P,,1,0.15,0.49,20.24,0.62,0.75,Unlimited,"[PP] Scavenge
<br>Discard 1 Psychic Energy card attached to Slowpoke in order to use this attack. Put a Trainer card from your discard pile to your hand."
44458,Tentacool,Tentacool,https://tcgplayer-cdn.tcgplayer.com/product/44458_200w.jpg,3,630,https://cpt.tcgcsv.com/bPm,2025-01-11T09:53:55.27,1,56/62,Common,Water,30,Basic,"<strong>Pokémon Power: Cowardice</strong> At any time during your turn <em>(before your attack)</em>, you may return Tentacool to your hand. <em>(Discard all cards attached to Tentacool.)</em> This power can't be used the turn you put Tentacool into play or if Tentacool is Asleep, Confused, or Paralyzed.",[W] Acid (10),L,,,0.26,1.0,9.0,0.96,,1st Edition,
44458,Tentacool,Tentacool,https://tcgplayer-cdn.tcgplayer.com/product/44458_200w.jpg,3,630,https://cpt.tcgcsv.com/bPm,2025-01-11T09:53:55.27,1,56/62,Common,Water,30,Basic,"<strong>Pokémon Power: Cowardice</strong> At any time during your turn <em>(before your attack)</em>, you may return Tentacool to your hand. <em>(Discard all cards attached to Tentacool.)</em> This power can't be used the turn you put Tentacool into play or if Tentacool is Asleep, Confused, or Paralyzed.",[W] Acid (10),L,,,0.1,0.32,39326.04,0.31,,Unlimited,
44459,Zubat,Zubat,https://tcgplayer-cdn.tcgplayer.com/product/44459_200w.jpg,3,630,https://cpt.tcgcsv.com/cPm,2025-05-07T05:50:13.13,1,57/62,Common,Grass,40,Basic,,"[2] Supersonic
<br>Flip a coin. If heads, the Defending Pokémon is now Confused.",P,F-30,,0.23,0.99,4.99,1.07,,1st Edition,"[1G] Leech Life (10)
<br>Remove a number of damage counters from Zubat equal to the damage done to the Defending Pokémon <em>(after applying Weakness and Resistance)</em>. If Zubat has fewer damage counters than that, remove all of them."
44459,Zubat,Zubat,https://tcgplayer-cdn.tcgplayer.com/product/44459_200w.jpg,3,630,https://cpt.tcgcsv.com/cPm,2025-05-07T05:50:13.13,1,57/62,Common,Grass,40,Basic,,"[2] Supersonic
<br>Flip a coin. If heads, the Defending Pokémon is now Confused.",P,F-30,,0.01,0.31,31882.68,0.33,,Unlimited,"[1G] Leech Life (10)
<br>Remove a number of damage counters from Zubat equal to the damage done to the Defending Pokémon <em>(after applying Weakness and Resistance)</em>. If Zubat has fewer damage counters than that, remove all of them."
44460,Mr. Fuji,Mr Fuji,https://tcgplayer-cdn.tcgplayer.com/product/44460_200w.jpg,3,630,https://cpt.tcgcsv.com/dPm,2024-07-26T19:10:44.373,1,58/62,Uncommon,Trainer,,,Choose a Pokémon on your Bench. Shuffle it and any cards attached to it into your deck.,,,,,0.5,1.03,169926.12,1.69,,1st Edition,
44460,Mr. Fuji,Mr Fuji,https://tcgplayer-cdn.tcgplayer.com/product/44460_200w.jpg,3,630,https://cpt.tcgcsv.com/dPm,2024-07-26T19:10:44.373,1,58/62,Uncommon,Trainer,,,Choose a Pokémon on your Bench. Shuffle it and any cards attached to it into your deck.,,,,,0.08,0.39,4.95,0.47,0.26,Unlimited,
44461,Energy Search,Energy Search,https://tcgplayer-cdn.tcgplayer.com/product/44461_200w.jpg,3,630,https://cpt.tcgcsv.com/fPm,2024-10-25T11:50:30.47,1,59/62,Common,Trainer,,,Search your deck for a basic Energy card and put it into your hand. Shuffle your deck afterward.,,,,,0.14,0.46,4.99,0.42,0.39,1st Edition,
44461,Energy Search,Energy Search,https://tcgplayer-cdn.tcgplayer.com/product/44461_200w.jpg,3,630,https://cpt.tcgcsv.com/fPm,2024-10-25T11:50:30.47,1,59/62,Common,Trainer,,,Search your deck for a basic Energy card and put it into your hand. Shuffle your deck afterward.,,,,,0.01,0.25,4.95,0.24,,Unlimited,
44462,Gambler,Gambler,https://tcgplayer-cdn.tcgplayer.com/product/44462_200w.jpg,3,630,https://cpt.tcgcsv.com/gPm,2024-07-26T19:10:44.443,1,60/62,Common,Trainer,,,"Shuffle your hand into your deck. Flip a coin. If heads, draw 8 cards. If tails, draw 1 card.",,,,,0.15,0.65,4.95,0.8,0.76,1st Edition,
44462,Gambler,Gambler,https://tcgplayer-cdn.tcgplayer.com/product/44462_200w.jpg,3,630,https://cpt.tcgcsv.com/gPm,2024-07-26T19:10:44.443,1,60/62,Common,Trainer,,,"Shuffle your hand into your deck. Flip a coin. If heads, draw 8 cards. If tails, draw 1 card.",,,,,0.05,0.25,30353.4,0.22,0.14,Unlimited,
44463,Recycle,Recycle,https://tcgplayer-cdn.tcgplayer.com/product/44463_200w.jpg,3,630,https://cpt.tcgcsv.com/hPm,2025-04-15T08:46:53.477,1,61/62,Common,Trainer,,,"Flip a coin. If heads, put a card in your discard pile on top of your deck.",,,,,0.13,0.45,4.99,0.42,0.3,1st Edition,
44463,Recycle,Recycle,https://tcgplayer-cdn.tcgplayer.com/product/44463_200w.jpg,3,630,https://cpt.tcgcsv.com/hPm,2025-04-15T08:46:53.477,1,61/62,Common,Trainer,,,"Flip a coin. If heads, put a card in your discard pile on top of your deck.",,,,,0.05,0.25,4.95,0.24,0.16,Unlimited,
44464,Mysterious Fossil,Mysterious Fossil,https://tcgplayer-cdn.tcgplayer.com/product/44464_200w.jpg,3,630,https://cpt.tcgcsv.com/jPm,2024-07-26T19:10:44.53,1,62/62,Common,Trainer,10,,"Play Mysterious Fossil as if it were a Basic Pokémon. While in play, Mysterious Fossil counts as a Pokemon (instead of a Trainer card). Mysterious Fossil can't be Asleep, Confused, Paralyzed, or Poisoned. If Mysterious Fossil is Knocked Out, it doesn't count as a Knocked Out Pokémon. <em>(Discard anyway.)</em> At any time during your turn before your attack, you may discard Mysterious Fossil from play.",,,,,0.13,0.46,9.99,0.55,0.51,1st Edition,
44464,Mysterious Fossil,Mysterious Fossil,https://tcgplayer-cdn.tcgplayer.com/product/44464_200w.jpg,3,630,https://cpt.tcgcsv.com/jPm,2024-07-26T19:10:44.53,1,62/62,Common,Trainer,10,,"Play Mysterious Fossil as if it were a Basic Pokémon. While in play, Mysterious Fossil counts as a Pokemon (instead of a Trainer card). Mysterious Fossil can't be Asleep, Confused, Paralyzed, or Poisoned. If Mysterious Fossil is Knocked Out, it doesn't count as a Knocked Out Pokémon. <em>(Discard anyway.)</em> At any time during your turn before your attack, you may discard Mysterious Fossil from play.",,,,,0.05,0.25,25387.56,0.28,0.17,Unlimited,
106518,Articuno (2),Articuno 2,https://tcgplayer-cdn.tcgplayer.com/product/106518_200w.jpg,3,630,https://cpt.tcgcsv.com/nDS,2023-10-15T10:12:39.6,1,02/62,Holo Rare,Water,70,Basic,,"[WWW] Freeze Dry (30)
<br>Flip a coin. If heads, the Defending Pokémon is now Paralyzed.",,F-30,2,89.46,135.98,298.99,136.07,,1st Edition Holofoil,"[WWWW] Blizzard (50)
<br>Flip a coin. If heads, this attack does 10 damage to each of your opponent's Benched Pokémon. If tails, this attack does 10 damage to each of your own Benched Pokémon. <em>(Don't apply Weakness and Resistance for Benched Pokémon.)</em>"
106518,Articuno (2),Articuno 2,https://tcgplayer-cdn.tcgplayer.com/product/106518_200w.jpg,3,630,https://cpt.tcgcsv.com/nDS,2023-10-15T10:12:39.6,1,02/62,Holo Rare,Water,70,Basic,,"[WWW] Freeze Dry (30)
<br>Flip a coin. If heads, the Defending Pokémon is now Paralyzed.",,F-30,2,25.0,52.5,169.99,55.23,169.99,Unlimited Holofoil,"[WWWW] Blizzard (50)
<br>Flip a coin. If heads, this attack does 10 damage to each of your opponent's Benched Pokémon. If tails, this attack does 10 damage to each of your own Benched Pokémon. <em>(Don't apply Weakness and Resistance for Benched Pokémon.)</em>"
106519,Ditto (3),Ditto 3,https://tcgplayer-cdn.tcgplayer.com/product/106519_200w.jpg,3,630,https://cpt.tcgcsv.com/pDS,2023-12-12T11:06:27.823,1,03/62,Holo Rare,Colorless,50,Basic,"<strong>Pokémon Power: Transform</strong> If Ditto is your Active Pokémon, treat it as if it were the same card as the Defending Pokémon, including type, Hit Points, Weakness, and so on, except Ditto can't evolve, always has this Pokémon Power, and you may treat any Energy attached to Ditto as Energy of any type. Ditto isn't a copy of any other Pokémon while Ditto is Asleep, Confused, or Paralyzed.",,F,P-30,1,35.91,67.44,9999.0,74.05,,1st Edition Holofoil,
106519,Ditto (3),Ditto 3,https://tcgplayer-cdn.tcgplayer.com/product/106519_200w.jpg,3,630,https://cpt.tcgcsv.com/pDS,2023-12-12T11:06:27.823,1,03/62,Holo Rare,Colorless,50,Basic,"<strong>Pokémon Power: Transform</strong> If Ditto is your Active Pokémon, treat it as if it were the same card as the Defending Pokémon, including type, Hit Points, Weakness, and so on, except Ditto can't evolve, always has this Pokémon Power, and you may treat any Energy attached to Ditto as Energy of any type. Ditto isn't a copy of any other Pokémon while Ditto is Asleep, Confused, or Paralyzed.",,F,P-30,1,16.3,26.0,59.99,28.23,,Unlimited Holofoil,
106520,Dragonite (4),Dragonite 4,https://tcgplayer-cdn.tcgplayer.com/product/106520_200w.jpg,3,630,https://cpt.tcgcsv.com/qDS,2023-12-19T17:53:18.32,1,04/62,Holo Rare,Colorless,100,Stage 2,"<strong>Pokémon Power: Step In</strong> Once during your turn <em>(before your attack)</em>, if Dragonite is on your Bench, you may switch it with your Active Pokémon.","[4] Slam (40x)
<br>Flip 2 coins. This attack does 40 damage times the number of heads.",,F-30,1,242.98,371.42,523.18,273.43,,1st Edition Holofoil,
106520,Dragonite (4),Dragonite 4,https://tcgplayer-cdn.tcgplayer.com/product/106520_200w.jpg,3,630,https://cpt.tcgcsv.com/qDS,2023-12-19T17:53:18.32,1,04/62,Holo Rare,Colorless,100,Stage 2,"<strong>Pokémon Power: Step In</strong> Once during your turn <em>(before your attack)</em>, if Dragonite is on your Bench, you may switch it with your Active Pokémon.","[4] Slam (40x)
<br>Flip 2 coins. This attack does 40 damage times the number of heads.",,F-30,1,74.79,109.23,199.99,109.23,,Unlimited Holofoil,
106521,Gengar (5),Gengar 5,https://tcgplayer-cdn.tcgplayer.com/product/106521_200w.jpg,3,630,https://cpt.tcgcsv.com/rDS,2022-11-22T13:02:15.437,1,05/62,Holo Rare,Psychic,80,Stage 2,"<strong>Pokémon Power: Curse</strong> Once during your turn <em>(before your attack)</em>, you may move 1 damage counter from 1 of your opponent's Pokémon to another <em>(even if it would Knock Out the other Pokémon)</em> This power can't be used if Gengar is Asleep, Confused, or Paralyzed.","[PPP] Dark Mind (30)
<br>If your opponent has any Benched Pokémon, choose 1 of them and this attack does 10 damage to it. <em>(Don't apply Weakness and Resistance for Benched Pokémon.)</em>",,F-30,1,248.9,362.68,599.95,160.52,,1st Edition Holofoil,
106521,Gengar (5),Gengar 5,https://tcgplayer-cdn.tcgplayer.com/product/106521_200w.jpg,3,630,https://cpt.tcgcsv.com/rDS,2022-11-22T13:02:15.437,1,05/62,Holo Rare,Psychic,80,Stage 2,"<strong>Pokémon Power: Curse</strong> Once during your turn <em>(before your attack)</em>, you may move 1 damage counter from 1 of your opponent's Pokémon to another <em>(even if it would Knock Out the other Pokémon)</em> This power can't be used if Gengar is Asleep, Confused, or Paralyzed.","[PPP] Dark Mind (30)
<br>If your opponent has any Benched Pokémon, choose 1 of them and this attack does 10 damage to it. <em>(Don't apply Weakness and Resistance for Benched Pokémon.)</em>",,F-30,1,53.99,105.04,9999.0,104.28,,Unlimited Holofoil,
106522,Haunter (6),Haunter 6,https://tcgplayer-cdn.tcgplayer.com/product/106522_200w.jpg,3,630,https://cpt.tcgcsv.com/sDS,2025-01-09T20:27:20.447,1,06/62,Holo Rare,Psychic,50,Stage 1,"<strong>Pokémon Power: Transparency</strong> Whenever an attack does anything to Haunter, flip a coin. If heads, prevent all effects of that attack, including damage, done to Haunter. This power stops working while Haunter is Asleep, Confused, or Paralyzed.","[1P] Nightmare (10)
<br>The Defending Pokémon is now Asleep.",,F-30,,67.0,79.19,9999.0,74.97,,1st Edition Holofoil,
106522,Haunter (6),Haunter 6,https://tcgplayer-cdn.tcgplayer.com/product/106522_200w.jpg,3,630,https://cpt.tcgcsv.com/sDS,2025-01-09T20:27:20.447,1,06/62,Holo Rare,Psychic,50,Stage 1,"<strong>Pokémon Power: Transparency</strong> Whenever an attack does anything to Haunter, flip a coin. If heads, prevent all effects of that attack, including damage, done to Haunter. This power stops working while Haunter is Asleep, Confused, or Paralyzed.","[1P] Nightmare (10)
<br>The Defending Pokémon is now Asleep.",,F-30,,14.34,22.91,99.99,38.99,19.99,Unlimited Holofoil,
106523,Hitmonlee (7),Hitmonlee 7,https://tcgplayer-cdn.tcgplayer.com/product/106523_200w.jpg,3,630,https://cpt.tcgcsv.com/tDS,2022-11-18T16:03:52.637,1,07/62,Holo Rare,Fighting,60,Basic,,"[FF] Stretch Kick
<br>If your opponent has any Benched Pokémon, choose 1 of them and this attack does 20 damage to it. <em>(Don't apply Weakness and Resistance for Benched Pokémon.)</em>",P,,1,53.06,90.97,149.99,79.59,59.98,1st Edition Holofoil,
106523,Hitmonlee (7),Hitmonlee 7,https://tcgplayer-cdn.tcgplayer.com/product/106523_200w.jpg,3,630,https://cpt.tcgcsv.com/tDS,2022-11-18T16:03:52.637,1,07/62,Holo Rare,Fighting,60,Basic,,"[FF] Stretch Kick
<br>If your opponent has any Benched Pokémon, choose 1 of them and this attack does 20 damage to it. <em>(Don't apply Weakness and Resistance for Benched Pokémon.)</em>",P,,1,15.49,24.0,82.78,24.42,17.4,Unlimited Holofoil,
106524,Hypno (8),Hypno 8,https://tcgplayer-cdn.tcgplayer.com/product/106524_200w.jpg,3,630,https://cpt.tcgcsv.com/vDS,2022-11-18T16:06:31.19,1,08/62,Holo Rare,Psychic,90,Stage 1,,"[P] Prophecy
<br>Look at up to 3 cards from the top of either player's deck and rearrange them as you like.",P,,2,38.33,55.6,114.95,57.97,,1st Edition Holofoil,"[PPP] Dark Mind (30)
<br> If your opponent has any Benched Pokémon, choose 1 of them and this attack does 10 damage to it. <em>(Don't apply Weakness and Resistance for Benched Pokémon.)</em>"
106524,Hypno (8),Hypno 8,https://tcgplayer-cdn.tcgplayer.com/product/106524_200w.jpg,3,630,https://cpt.tcgcsv.com/vDS,2022-11-18T16:06:31.19,1,08/62,Holo Rare,Psychic,90,Stage 1,,"[P] Prophecy
<br>Look at up to 3 cards from the top of either player's deck and rearrange them as you like.",P,,2,13.53,22.04,60.5,21.98,39.99,Unlimited Holofoil,"[PPP] Dark Mind (30)
<br> If your opponent has any Benched Pokémon, choose 1 of them and this attack does 10 damage to it. <em>(Don't apply Weakness and Resistance for Benched Pokémon.)</em>"
106525,Kabutops (9),Kabutops 9,https://tcgplayer-cdn.tcgplayer.com/product/106525_200w.jpg,3,630,https://cpt.tcgcsv.com/wDS,2023-03-03T14:48:32.263,1,09/62,Holo Rare,Fighting,60,Stage 2,,[FF] Sharp Sickle (30),G,,1,41.98,70.28,114.95,71.32,,1st Edition Holofoil,"[FFFF] Absorb (40)
<br>Remove a number of damage counters from Kabutops equal to half the damage done to the Defending Pokémon <em>(after applying Weakness and Resistance)</em> (round up to the nearest 10). If Kabutops has fewer damage counters than that, remove all of them."
106525,Kabutops (9),Kabutops 9,https://tcgplayer-cdn.tcgplayer.com/product/106525_200w.jpg,3,630,https://cpt.tcgcsv.com/wDS,2023-03-03T14:48:32.263,1,09/62,Holo Rare,Fighting,60,Stage 2,,[FF] Sharp Sickle (30),G,,1,16.0,25.0,9999.0,25.78,22.0,Unlimited Holofoil,"[FFFF] Absorb (40)
<br>Remove a number of damage counters from Kabutops equal to half the damage done to the Defending Pokémon <em>(after applying Weakness and Resistance)</em> (round up to the nearest 10). If Kabutops has fewer damage counters than that, remove all of them."
106526,Aerodactyl (16),Aerodactyl 16,https://tcgplayer-cdn.tcgplayer.com/product/106526_200w.jpg,3,630,https://cpt.tcgcsv.com/xDS,2023-02-05T04:47:51.347,1,16/62,Rare,Fighting,60,Stage 1,"<strong>Pokémon Power: Prehistoric Power</strong> No more Evolution cards can be played. This power stops working while Aerodactyl is Asleep, Confused, or Paralyzed.",[3] Wing Attack (30),G,F-30,2,7.37,12.29,34.95,11.5,,1st Edition,
106526,Aerodactyl (16),Aerodactyl 16,https://tcgplayer-cdn.tcgplayer.com/product/106526_200w.jpg,3,630,https://cpt.tcgcsv.com/xDS,2023-02-05T04:47:51.347,1,16/62,Rare,Fighting,60,Stage 1,"<strong>Pokémon Power: Prehistoric Power</strong> No more Evolution cards can be played. This power stops working while Aerodactyl is Asleep, Confused, or Paralyzed.",[3] Wing Attack (30),G,F-30,2,2.15,5.0,14.95,6.0,,Unlimited,
106527,Lapras (25),Lapras 25,https://tcgplayer-cdn.tcgplayer.com/product/106527_200w.jpg,3,630,https://cpt.tcgcsv.com/zDS,2023-05-03T09:29:42.643,1,25/62,Rare,Water,80,Basic,,"[W] Water Gun (10+)
<br>Does 10 damage plus 10 more damage for each Water Energy attached to Lapras but not used to pay for this attack's Energy cost. You can't add more than 20 damage in this way.",L,,2,6.99,10.64,29.95,10.97,,1st Edition,"[WW] Confuse Ray (10)
<br>Flip a coin. If heads, the Defending Pokémon is now Confused."
106527,Lapras (25),Lapras 25,https://tcgplayer-cdn.tcgplayer.com/product/106527_200w.jpg,3,630,https://cpt.tcgcsv.com/zDS,2023-05-03T09:29:42.643,1,25/62,Rare,Water,80,Basic,,"[W] Water Gun (10+)
<br>Does 10 damage plus 10 more damage for each Water Energy attached to Lapras but not used to pay for this attack's Energy cost. You can't add more than 20 damage in this way.",L,,2,1.89,4.25,12.95,4.71,,Unlimited,"[WW] Confuse Ray (10)
<br>Flip a coin. If heads, the Defending Pokémon is now Confused."
106528,Magneton (26),Magneton 26,https://tcgplayer-cdn.tcgplayer.com/product/106528_200w.jpg,3,630,https://cpt.tcgcsv.com/BDS,2022-12-07T04:36:50.79,1,26/62,Rare,Lightning,80,Stage 1,,"[1L] Sonicboom (20)
<br>Don't apply Weakness and Resistance for this attack. <em>(Any other effects that would happen after applying Weakness and Resistance still happen.)</em>",F,,2,5.0,6.29,24.95,9.52,,1st Edition,"[LLLL] Selfdestruct (100)
<br>Does 20 damage to each Pokémon on each player's Bench. <em>(Don't apply Weakness and Resistance for Benched Pokémon.)</em> Magneton does 100 damage to itself."
106528,Magneton (26),Magneton 26,https://tcgplayer-cdn.tcgplayer.com/product/106528_200w.jpg,3,630,https://cpt.tcgcsv.com/BDS,2022-12-07T04:36:50.79,1,26/62,Rare,Lightning,80,Stage 1,,"[1L] Sonicboom (20)
<br>Don't apply Weakness and Resistance for this attack. <em>(Any other effects that would happen after applying Weakness and Resistance still happen.)</em>",F,,2,1.44,3.65,9.95,3.99,1.44,Unlimited,"[LLLL] Selfdestruct (100)
<br>Does 20 damage to each Pokémon on each player's Bench. <em>(Don't apply Weakness and Resistance for Benched Pokémon.)</em> Magneton does 100 damage to itself."
106529,Moltres (27),Moltres 27,https://tcgplayer-cdn.tcgplayer.com/product/106529_200w.jpg,3,630,https://cpt.tcgcsv.com/CDS,2024-11-06T20:50:52.28,1,27/62,Rare,Fire,70,Basic,,"[R] Wildfire
<br>You may discard any number of Fire Energy cards attached to Moltres when you use this attack. If you do, discard that many cards from the top of your opponent's deck.",,F-30,2,12.0,15.88,39.95,21.2,,1st Edition,"[RRRR] Dive Bomb (80)
<br>Flip a coin. If tails, this attack does nothing."
106529,Moltres (27),Moltres 27,https://tcgplayer-cdn.tcgplayer.com/product/106529_200w.jpg,3,630,https://cpt.tcgcsv.com/CDS,2024-11-06T20:50:52.28,1,27/62,Rare,Fire,70,Basic,,"[R] Wildfire
<br>You may discard any number of Fire Energy cards attached to Moltres when you use this attack. If you do, discard that many cards from the top of your opponent's deck.",,F-30,2,0.5,5.99,19.95,8.2,,Unlimited,"[RRRR] Dive Bomb (80)
<br>Flip a coin. If tails, this attack does nothing."
106530,Muk (28),Muk 28,https://tcgplayer-cdn.tcgplayer.com/product/106530_200w.jpg,3,630,https://cpt.tcgcsv.com/DDS,2024-10-17T04:44:58.42,1,28/62,Rare,Grass,70,Stage 1,"<strong>Pokémon Power: Toxic Gas</strong> Ignore all Pokémon Powers other than Toxic Gasses. This power stops working while Muk is Asleep, Confused, or Paralyzed.","[GGG] Sludge (30)
<br>Flip a coin. If heads, the Defending Pokémon is now Poisoned.",P,,2,2.0,7.5,24.95,8.27,19.99,1st Edition,
106530,Muk (28),Muk 28,https://tcgplayer-cdn.tcgplayer.com/product/106530_200w.jpg,3,630,https://cpt.tcgcsv.com/DDS,2024-10-17T04:44:58.42,1,28/62,Rare,Grass,70,Stage 1,"<strong>Pokémon Power: Toxic Gas</strong> Ignore all Pokémon Powers other than Toxic Gasses. This power stops working while Muk is Asleep, Confused, or Paralyzed.","[GGG] Sludge (30)
<br>Flip a coin. If heads, the Defending Pokémon is now Poisoned.",P,,2,2.0,3.75,12.95,4.54,,Unlimited,
106531,Raichu (29),Raichu 29,https://tcgplayer-cdn.tcgplayer.com/product/106531_200w.jpg,3,630,https://cpt.tcgcsv.com/FDS,2024-10-28T04:03:43.493,1,29/62,Rare,Lightning,90,Stage 1,,"[LLLL] Gigashock (30)
<br>Choose 3 of your opponent's Benched Pokémon and this attack does 10 damage to each of them. <em>(Don't apply Weakness and Resistance for Benched Pokemon.)</em> If your opponent has fewer than 3 Benched Pokémon, do the damage to each of them.",F,,1,8.59,14.84,34.95,13.99,,1st Edition,
106531,Raichu (29),Raichu 29,https://tcgplayer-cdn.tcgplayer.com/product/106531_200w.jpg,3,630,https://cpt.tcgcsv.com/FDS,2024-10-28T04:03:43.493,1,29/62,Rare,Lightning,90,Stage 1,,"[LLLL] Gigashock (30)
<br>Choose 3 of your opponent's Benched Pokémon and this attack does 10 damage to each of them. <em>(Don't apply Weakness and Resistance for Benched Pokemon.)</em> If your opponent has fewer than 3 Benched Pokémon, do the damage to each of them.",F,,1,2.25,4.48,12.95,4.66,,Unlimited,
106532,Zapdos (30),Zapdos 30,https://tcgplayer-cdn.tcgplayer.com/product/106532_200w.jpg,3,630,https://cpt.tcgcsv.com/GDS,2022-11-18T16:36:00.157,1,30/62,Rare,Lightning,80,Basic,,"[LLLL] Thunderstorm (40)
<br>For each of your opponent's Benched Pokémon, flip a coin. If heads, this attack does 20 damage to that Pokémon. <em>(Don't apply Weakness and Resistance for Benched Pokémon.)</em> Then, Zapdos does 10 damage time the number of tails to itself.",,F-30,2,11.7,15.99,49.99,18.61,,1st Edition,
106532,Zapdos (30),Zapdos 30,https://tcgplayer-cdn.tcgplayer.com/product/106532_200w.jpg,3,630,https://cpt.tcgcsv.com/GDS,2022-11-18T16:36:00.157,1,30/62,Rare,Lightning,80,Basic,,"[LLLL] Thunderstorm (40)
<br>For each of your opponent's Benched Pokémon, flip a coin. If heads, this attack does 20 damage to that Pokémon. <em>(Don't apply Weakness and Resistance for Benched Pokémon.)</em> Then, Zapdos does 10 damage time the number of tails to itself.",,F-30,2,2.0,6.0,14.95,7.22,,Unlimited,
107600,Pokemon Fossil [Unlimited Edition] Booster Box,Pokemon Fossil Unlimited Edition Booster Box,https://tcgplayer-cdn.tcgplayer.com/product/107600_200w.jpg,3,630,https://cpt.tcgcsv.com/03T,2021-07-02T22:00:50.573,1,,,,,,,,,,,,,,,,,
107601,Pokemon Fossil [1st Edition] Booster Box,Pokemon Fossil 1st Edition Booster Box,https://tcgplayer-cdn.tcgplayer.com/product/107601_200w.jpg,3,630,https://cpt.tcgcsv.com/23T,2021-07-02T21:54:24.37,1,,,,,,,,,,,,,,,,,
107607,"Fossil Theme Deck - ""BodyGuard""",Fossil Theme Deck BodyGuard,https://tcgplayer-cdn.tcgplayer.com/product/107607_200w.jpg,3,630,https://cpt.tcgcsv.com/93T,2021-07-02T21:49:26.107,1,,,,,,,,,,,114.0,120.0,139.99,113.33,,Normal,
107608,"Fossil Theme Deck - ""LockDown""",Fossil Theme Deck LockDown,https://tcgplayer-cdn.tcgplayer.com/product/107608_200w.jpg,3,630,https://cpt.tcgcsv.com/b3T,2021-07-02T21:42:08.923,1,,,,,,,,,,,169.99,178.97,226.12,162.5,,Normal,
138133,Fossil Booster Pack [1st Edition],Fossil Booster Pack 1st Edition,https://tcgplayer-cdn.tcgplayer.com/product/138133_200w.jpg,3,630,https://cpt.tcgcsv.com/Hg72,2017-07-22T16:10:24.19,1,,,,,,This booster pack contains 11 cards for Wizards of the Coast printed Fossil set.,,,,,318.0,325.93,549.99,326.61,,Normal,
138134,Fossil Booster Pack [Unlimited Edition],Fossil Booster Pack Unlimited Edition,https://tcgplayer-cdn.tcgplayer.com/product/138134_200w.jpg,3,630,https://cpt.tcgcsv.com/Jg72,2017-07-22T16:10:42.977,1,,,,,,This booster pack contains 11 cards for Wizards of the Coast printed Fossil set.,,,,,215.62,249.0,379.94,213.55,,Normal,
