productId,name,cleanName,imageUrl,categoryId,groupId,url,modifiedOn,imageCount,extNumber,extRarity,extCardType,extHP,extStage,extAttack1,extAttack2,extWeakness,extResistance,extRetreatCost,lowPrice,midPrice,highPrice,marketPrice,directLowPrice,subTypeName,extCardText
45120,Clefable (1),Clefable 1,https://tcgplayer-cdn.tcgplayer.com/product/45120_200w.jpg,3,635,https://cpt.tcgcsv.com/q3n,2023-11-27T18:49:46.257,1,01/64,Holo Rare,Colorless,70,Stage 1,"[1] Metronome
<br>
Choose 1 of the Defending Pokémon's attacks. Metronome copies that attack except for its Energy costs and anything else required in order to use that attack, such as discarding Energy cards. <em>(No matter what type the Defending Pokémon is, Clefable's type is still Colorless.)</em>","[2] Minimize
<br>
All damage done by attacks to Clefable during your opponent's next turn is reduced by 20 <em>(after applying Weakness and Resistance)</em>.",F,P-30,2,49.56,61.47,124.99,57.99,,1st Edition Holofoil,
45120,Clefable (1),Clefable 1,https://tcgplayer-cdn.tcgplayer.com/product/45120_200w.jpg,3,635,https://cpt.tcgcsv.com/q3n,2023-11-27T18:49:46.257,1,01/64,Holo Rare,Colorless,70,Stage 1,"[1] Metronome
<br>
Choose 1 of the Defending Pokémon's attacks. Metronome copies that attack except for its Energy costs and anything else required in order to use that attack, such as discarding Energy cards. <em>(No matter what type the Defending Pokémon is, Clefable's type is still Colorless.)</em>","[2] Minimize
<br>
All damage done by attacks to Clefable during your opponent's next turn is reduced by 20 <em>(after applying Weakness and Resistance)</em>.",F,P-30,2,14.35,23.27,79.99,26.02,,Unlimited Holofoil,
45121,Scyther (10),Scyther 10,https://tcgplayer-cdn.tcgplayer.com/product/45121_200w.jpg,3,635,https://cpt.tcgcsv.com/r3n,2022-11-16T21:43:07.593,1,10/64,Holo Rare,Grass,70,Basic,"[G] Swords Dance
<br>During your next turn, Scyther's Slash attack's base damage is 60 instead of 30.",[3] Slash (30),R,F-30,,57.57,108.0,199.99,101.54,108.0,1st Edition Holofoil,
45121,Scyther (10),Scyther 10,https://tcgplayer-cdn.tcgplayer.com/product/45121_200w.jpg,3,635,https://cpt.tcgcsv.com/r3n,2022-11-16T21:43:07.593,1,10/64,Holo Rare,Grass,70,Basic,"[G] Swords Dance
<br>During your next turn, Scyther's Slash attack's base damage is 60 instead of 30.",[3] Slash (30),R,F-30,,22.0,32.97,9999.0,38.71,,Unlimited Holofoil,
45122,Snorlax (11),Snorlax 11,https://tcgplayer-cdn.tcgplayer.com/product/45122_200w.jpg,3,635,https://cpt.tcgcsv.com/s3n,2024-08-05T07:16:09.057,1,11/64,Holo Rare,Colorless,90,Basic,"[4] Body Slam (30)
<br>Flip a coin. If heads, the Defending Pokémon is now Paralyzed.",,F,P-30,4,199.0,399.99,499.95,262.13,,1st Edition Holofoil,"<strong>Pokémon Power: Thick Skinned</strong>
<br>
Snorlax can't become Asleep, Confused, Paralyzed, or Poisoned. This power can't be used if Snorlax is already Asleep, Confused, or Paralyzed."
45122,Snorlax (11),Snorlax 11,https://tcgplayer-cdn.tcgplayer.com/product/45122_200w.jpg,3,635,https://cpt.tcgcsv.com/s3n,2024-08-05T07:16:09.057,1,11/64,Holo Rare,Colorless,90,Basic,"[4] Body Slam (30)
<br>Flip a coin. If heads, the Defending Pokémon is now Paralyzed.",,F,P-30,4,38.0,63.79,272.52,71.31,,Unlimited Holofoil,"<strong>Pokémon Power: Thick Skinned</strong>
<br>
Snorlax can't become Asleep, Confused, Paralyzed, or Poisoned. This power can't be used if Snorlax is already Asleep, Confused, or Paralyzed."
45123,Vaporeon (12),Vaporeon 12,https://tcgplayer-cdn.tcgplayer.com/product/45123_200w.jpg,3,635,https://cpt.tcgcsv.com/t3n,2024-10-16T20:58:05.007,1,12/64,Holo Rare,Water,80,Stage 1,"[2] Quick Attack (10+)
<br>Flip a coin. If heads, this attack does 10 damage plus 20 more damage; if tails, this attack does 10 damage.","[1WW] Water Gun (30+)
<br>Does 30 damage plus 10 more damage for each Water Energy attached to Vaporeon but not used to pay for this attack's Energy cost. Extra Water energy after the 2nd doesn't count.",L,,1,80.0,145.71,499.99,181.74,249.99,1st Edition Holofoil,
45123,Vaporeon (12),Vaporeon 12,https://tcgplayer-cdn.tcgplayer.com/product/45123_200w.jpg,3,635,https://cpt.tcgcsv.com/t3n,2024-10-16T20:58:05.007,1,12/64,Holo Rare,Water,80,Stage 1,"[2] Quick Attack (10+)
<br>Flip a coin. If heads, this attack does 10 damage plus 20 more damage; if tails, this attack does 10 damage.","[1WW] Water Gun (30+)
<br>Does 30 damage plus 10 more damage for each Water Energy attached to Vaporeon but not used to pay for this attack's Energy cost. Extra Water energy after the 2nd doesn't count.",L,,1,11.0,14.56,60.98,25.69,,Unlimited Holofoil,
45124,Venomoth (13),Venomoth 13,https://tcgplayer-cdn.tcgplayer.com/product/45124_200w.jpg,3,635,https://cpt.tcgcsv.com/v3n,2025-03-14T14:39:10.027,1,13/64,Holo Rare,Grass,70,Stage 1,"[GG] Venom Powder (10)
<br>Flip a coin. If heads, the Defending Pokémon is now Confused and Poisoned.",,R,F-30,,26.0,49.78,101.18,72.14,,1st Edition Holofoil,"<strong>Pokémon Power: Shift</strong> Once during your turn <em>(before your attack)</em>, you may change the type of Venomoth to the type of any other Pokémon in play other than Colorless. This power can't be used if Venomoth is Asleep, Confused, or Paralyzed."
45124,Venomoth (13),Venomoth 13,https://tcgplayer-cdn.tcgplayer.com/product/45124_200w.jpg,3,635,https://cpt.tcgcsv.com/v3n,2025-03-14T14:39:10.027,1,13/64,Holo Rare,Grass,70,Stage 1,"[GG] Venom Powder (10)
<br>Flip a coin. If heads, the Defending Pokémon is now Confused and Poisoned.",,R,F-30,,10.0,15.56,75.08,20.58,,Unlimited Holofoil,"<strong>Pokémon Power: Shift</strong> Once during your turn <em>(before your attack)</em>, you may change the type of Venomoth to the type of any other Pokémon in play other than Colorless. This power can't be used if Venomoth is Asleep, Confused, or Paralyzed."
45125,Victreebel (14),Victreebel 14,https://tcgplayer-cdn.tcgplayer.com/product/45125_200w.jpg,3,635,https://cpt.tcgcsv.com/w3n,2023-07-19T15:30:36.55,1,14/64,Holo Rare,Grass,80,Stage 2,"[G] Lure
<br>If your opponent has any Benched Pokémon, choose 1 of them and switch it with his or her Active Pokémon.","[GG] Acid (20)
<br>Flip a coin. If heads, the Defending Pokémon can't retreat during your opponent's next turn.",R,,2,30.0,79.73,129.01,84.0,,1st Edition Holofoil,
45125,Victreebel (14),Victreebel 14,https://tcgplayer-cdn.tcgplayer.com/product/45125_200w.jpg,3,635,https://cpt.tcgcsv.com/w3n,2023-07-19T15:30:36.55,1,14/64,Holo Rare,Grass,80,Stage 2,"[G] Lure
<br>If your opponent has any Benched Pokémon, choose 1 of them and switch it with his or her Active Pokémon.","[GG] Acid (20)
<br>Flip a coin. If heads, the Defending Pokémon can't retreat during your opponent's next turn.",R,,2,13.5,19.69,69.0,23.44,18.32,Unlimited Holofoil,
45126,Vileplume (15),Vileplume 15,https://tcgplayer-cdn.tcgplayer.com/product/45126_200w.jpg,3,635,https://cpt.tcgcsv.com/x3n,2024-12-28T02:27:31.617,1,15/64,Holo Rare,Grass,80,Stage 2,"[GGG] Petal Dance (40x)
<br>Flip 3 coins. This attack does 40 damage times the number of heads. Vileplume is now Confused <em>(after doing damage)</em>.",,R,,2,40.0,70.59,169.99,74.92,,1st Edition Holofoil,"<strong>Pokémon Power: Heal</strong> Once during your turn <em>(before your attack)</em>, you may flip a coin. If heads, remove 1 damage counter from 1 of your Pokémon. This power can't be used if Vileplume is Asleep, Confused, or Paralyzed."
45126,Vileplume (15),Vileplume 15,https://tcgplayer-cdn.tcgplayer.com/product/45126_200w.jpg,3,635,https://cpt.tcgcsv.com/x3n,2024-12-28T02:27:31.617,1,15/64,Holo Rare,Grass,80,Stage 2,"[GGG] Petal Dance (40x)
<br>Flip 3 coins. This attack does 40 damage times the number of heads. Vileplume is now Confused <em>(after doing damage)</em>.",,R,,2,15.0,22.05,78.1,24.46,,Unlimited Holofoil,"<strong>Pokémon Power: Heal</strong> Once during your turn <em>(before your attack)</em>, you may flip a coin. If heads, remove 1 damage counter from 1 of your Pokémon. This power can't be used if Vileplume is Asleep, Confused, or Paralyzed."
45127,Wigglytuff (16),Wigglytuff 16,https://tcgplayer-cdn.tcgplayer.com/product/45127_200w.jpg,3,635,https://cpt.tcgcsv.com/z3n,2025-03-14T14:43:02.387,1,16/64,Holo Rare,Colorless,80,Stage 1,"[1] Lullaby
<br>The Defending Pokémon is now Asleep.","[3] Do the Wave (10+)
<br>Does 10 damage plus 10 more damage for each of your Benched Pokémon.",F,P-30,2,19.0,51.87,114.95,75.99,,1st Edition Holofoil,
45127,Wigglytuff (16),Wigglytuff 16,https://tcgplayer-cdn.tcgplayer.com/product/45127_200w.jpg,3,635,https://cpt.tcgcsv.com/z3n,2025-03-14T14:43:02.387,1,16/64,Holo Rare,Colorless,80,Stage 1,"[1] Lullaby
<br>The Defending Pokémon is now Asleep.","[3] Do the Wave (10+)
<br>Does 10 damage plus 10 more damage for each of your Benched Pokémon.",F,P-30,2,18.47,22.99,69.99,33.48,,Unlimited Holofoil,
45128,Electrode (2),Electrode 2,https://tcgplayer-cdn.tcgplayer.com/product/45128_200w.jpg,3,635,https://cpt.tcgcsv.com/B3n,2023-09-01T08:16:37.04,1,02/64,Holo Rare,Lightning,90,Stage 1,[2] Tackle (20),"[LLL] Chain Lightning (20)
<br>If the Defending Pokémon isn't Colorless, this attack does 10 damage to each Benched Pokémon of the same type as the Defending Pokémon <em>(including your own)</em>.",F,,1,30.68,50.05,89.95,48.15,,1st Edition Holofoil,
45128,Electrode (2),Electrode 2,https://tcgplayer-cdn.tcgplayer.com/product/45128_200w.jpg,3,635,https://cpt.tcgcsv.com/B3n,2023-09-01T08:16:37.04,1,02/64,Holo Rare,Lightning,90,Stage 1,[2] Tackle (20),"[LLL] Chain Lightning (20)
<br>If the Defending Pokémon isn't Colorless, this attack does 10 damage to each Benched Pokémon of the same type as the Defending Pokémon <em>(including your own)</em>.",F,,1,10.0,15.5,41.99,21.99,,Unlimited Holofoil,
45129,Flareon (3),Flareon 3,https://tcgplayer-cdn.tcgplayer.com/product/45129_200w.jpg,3,635,https://cpt.tcgcsv.com/C3n,2025-04-16T16:57:03.733,1,03/64,Holo Rare,Fire,70,Stage 1,"[2] Quick Attack (10+)
<br>Flip a coin. If heads, this attack does 10 damage plus 20 more damage; if tails, this attack does 10 damage.","[2RR] Flamethrower (60)
<br>Discard 1 Fire Energy card attached to Flareon in order to use this attack.",W,,1,95.0,198.83,900.0,129.47,99.98,1st Edition Holofoil,
45129,Flareon (3),Flareon 3,https://tcgplayer-cdn.tcgplayer.com/product/45129_200w.jpg,3,635,https://cpt.tcgcsv.com/C3n,2025-04-16T16:57:03.733,1,03/64,Holo Rare,Fire,70,Stage 1,"[2] Quick Attack (10+)
<br>Flip a coin. If heads, this attack does 10 damage plus 20 more damage; if tails, this attack does 10 damage.","[2RR] Flamethrower (60)
<br>Discard 1 Fire Energy card attached to Flareon in order to use this attack.",W,,1,37.98,65.33,119.99,63.15,,Unlimited Holofoil,
45130,Jolteon (4),Jolteon 4,https://tcgplayer-cdn.tcgplayer.com/product/45130_200w.jpg,3,635,https://cpt.tcgcsv.com/D3n,2024-06-14T18:45:05.67,1,04/64,Holo Rare,Lightning,70,Stage 1,"[2] Quick Attack (10+)
<br>Flip a coin. If heads, this attack does 10 damage plus 20 more damage; if tails, this attack does 10 damage.","[1LL] Pin Missile (20x)
<br>Flip 4 coins. This attack does 20 damage times the number of heads.",F,,1,125.87,195.0,300.97,146.57,95.0,1st Edition Holofoil,
45130,Jolteon (4),Jolteon 4,https://tcgplayer-cdn.tcgplayer.com/product/45130_200w.jpg,3,635,https://cpt.tcgcsv.com/D3n,2024-06-14T18:45:05.67,1,04/64,Holo Rare,Lightning,70,Stage 1,"[2] Quick Attack (10+)
<br>Flip a coin. If heads, this attack does 10 damage plus 20 more damage; if tails, this attack does 10 damage.","[1LL] Pin Missile (20x)
<br>Flip 4 coins. This attack does 20 damage times the number of heads.",F,,1,25.0,61.01,149.99,66.65,59.99,Unlimited Holofoil,
45131,Kangaskhan (5),Kangaskhan 5,https://tcgplayer-cdn.tcgplayer.com/product/45131_200w.jpg,3,635,https://cpt.tcgcsv.com/F3n,2024-10-08T10:18:51.507,1,05/64,Holo Rare,Colorless,90,Basic,"[1] Fetch
<br>Draw a card.","[4] Comet Punch (20x)
<br>Flip 4 coins. This attack does 20 damage times the number of heads.",F,P-30,3,32.79,72.73,89.99,73.84,,1st Edition Holofoil,
45131,Kangaskhan (5),Kangaskhan 5,https://tcgplayer-cdn.tcgplayer.com/product/45131_200w.jpg,3,635,https://cpt.tcgcsv.com/F3n,2024-10-08T10:18:51.507,1,05/64,Holo Rare,Colorless,90,Basic,"[1] Fetch
<br>Draw a card.","[4] Comet Punch (20x)
<br>Flip 4 coins. This attack does 20 damage times the number of heads.",F,P-30,3,4.42,9.04,40.0,12.08,,Unlimited Holofoil,
45132,Mr. Mime (6),Mr Mime 6,https://tcgplayer-cdn.tcgplayer.com/product/45132_200w.jpg,3,635,https://cpt.tcgcsv.com/G3n,2025-04-28T05:03:24.51,1,06/64,Holo Rare,Psychic,40,Basic,"[1P] Meditate (10+)
<br>Does 10 damage plus 10 more damage for each damage counter on the Defending Pokémon.",,P,,,38.47,59.5,120.0,68.28,59.47,1st Edition Holofoil,"<strong>Pokémon Power: Invisible Wall</strong> Whenever an attack <em>(including your own)</em> does 30 or more damage to Mr. Mime <em>(after applying Weakness and Resistance)</em>, prevent that damage. <em>(Any other effects of attacks still happen.)</em> This power can't be used if Mr. Mime is Asleep, Confused, or Paralyzed."
45132,Mr. Mime (6),Mr Mime 6,https://tcgplayer-cdn.tcgplayer.com/product/45132_200w.jpg,3,635,https://cpt.tcgcsv.com/G3n,2025-04-28T05:03:24.51,1,06/64,Holo Rare,Psychic,40,Basic,"[1P] Meditate (10+)
<br>Does 10 damage plus 10 more damage for each damage counter on the Defending Pokémon.",,P,,,14.99,23.47,78.92,27.28,,Unlimited Holofoil,"<strong>Pokémon Power: Invisible Wall</strong> Whenever an attack <em>(including your own)</em> does 30 or more damage to Mr. Mime <em>(after applying Weakness and Resistance)</em>, prevent that damage. <em>(Any other effects of attacks still happen.)</em> This power can't be used if Mr. Mime is Asleep, Confused, or Paralyzed."
45133,Nidoqueen (7),Nidoqueen 7,https://tcgplayer-cdn.tcgplayer.com/product/45133_200w.jpg,3,635,https://cpt.tcgcsv.com/H3n,2023-02-15T05:37:12.827,1,07/64,Holo Rare,Grass,90,Stage 2,"[1G] Boyfriends (20+)
<br>Does 20 damage plus 20 more damage for each Nidoking you have in play.",[2GG] Mega Punch (50),P,,3,44.0,81.27,150.98,87.03,,1st Edition Holofoil,
45133,Nidoqueen (7),Nidoqueen 7,https://tcgplayer-cdn.tcgplayer.com/product/45133_200w.jpg,3,635,https://cpt.tcgcsv.com/H3n,2023-02-15T05:37:12.827,1,07/64,Holo Rare,Grass,90,Stage 2,"[1G] Boyfriends (20+)
<br>Does 20 damage plus 20 more damage for each Nidoking you have in play.",[2GG] Mega Punch (50),P,,3,12.69,19.75,59.99,23.04,,Unlimited Holofoil,
45134,Pidgeot (8),Pidgeot 8,https://tcgplayer-cdn.tcgplayer.com/product/45134_200w.jpg,3,635,https://cpt.tcgcsv.com/J3n,2024-01-18T11:45:15.39,1,08/64,Holo Rare,Colorless,80,Stage 2,[2] Wing Attack (20),"[3] Hurricane (30)
<br>Unless this attack Knocks Out the Defending Pokémon, return the Defending Pokémon and all cards attached to it to your opponent's hand.",L,F-30,,99.99,149.95,199.98,96.66,,1st Edition Holofoil,
45134,Pidgeot (8),Pidgeot 8,https://tcgplayer-cdn.tcgplayer.com/product/45134_200w.jpg,3,635,https://cpt.tcgcsv.com/J3n,2024-01-18T11:45:15.39,1,08/64,Holo Rare,Colorless,80,Stage 2,[2] Wing Attack (20),"[3] Hurricane (30)
<br>Unless this attack Knocks Out the Defending Pokémon, return the Defending Pokémon and all cards attached to it to your opponent's hand.",L,F-30,,18.09,27.86,69.99,31.37,17.98,Unlimited Holofoil,
45135,Pinsir (9),Pinsir 9,https://tcgplayer-cdn.tcgplayer.com/product/45135_200w.jpg,3,635,https://cpt.tcgcsv.com/K3n,2024-03-05T19:47:29.517,1,09/64,Holo Rare,Grass,60,Basic,"[GG] Irongrip (20)
<br>Flip a coin. If heads, the Defending Pokémon is now Paralyzed.",[2GG] Guillotine (50),R,,1,29.25,44.25,119.99,57.73,,1st Edition Holofoil,
45135,Pinsir (9),Pinsir 9,https://tcgplayer-cdn.tcgplayer.com/product/45135_200w.jpg,3,635,https://cpt.tcgcsv.com/K3n,2024-03-05T19:47:29.517,1,09/64,Holo Rare,Grass,60,Basic,"[GG] Irongrip (20)
<br>Flip a coin. If heads, the Defending Pokémon is now Paralyzed.",[2GG] Guillotine (50),R,,1,15.0,21.36,49.95,26.08,,Unlimited Holofoil,
45136,Butterfree,Butterfree,https://tcgplayer-cdn.tcgplayer.com/product/45136_200w.jpg,3,635,https://cpt.tcgcsv.com/L3n,2024-07-26T19:32:44.173,1,33/64,Uncommon,Grass,70,Stage 2,"[2] Whirlwind (20)
<br>If your opponent has any Benched Pokémon, he or she chooses 1 of them and switches it with the Defending Pokémon. <em>(Do the damage before switching Pokémon.)</em>","[GGGG] Mega Drain (40)
<br>Remove a number of damage counters from Butterfree equal to half the damage done to the Defending Pokémon <em>(after applying Weakness and Resistance)</em> (rounded up to the nearest 10).",R,F-30,,2.31,4.31,12.95,6.06,,1st Edition,
45136,Butterfree,Butterfree,https://tcgplayer-cdn.tcgplayer.com/product/45136_200w.jpg,3,635,https://cpt.tcgcsv.com/L3n,2024-07-26T19:32:44.173,1,33/64,Uncommon,Grass,70,Stage 2,"[2] Whirlwind (20)
<br>If your opponent has any Benched Pokémon, he or she chooses 1 of them and switches it with the Defending Pokémon. <em>(Do the damage before switching Pokémon.)</em>","[GGGG] Mega Drain (40)
<br>Remove a number of damage counters from Butterfree equal to half the damage done to the Defending Pokémon <em>(after applying Weakness and Resistance)</em> (rounded up to the nearest 10).",R,F-30,,0.25,0.75,75.0,0.7,,Unlimited,
45137,Dodrio,Dodrio,https://tcgplayer-cdn.tcgplayer.com/product/45137_200w.jpg,3,635,https://cpt.tcgcsv.com/M3n,2025-03-17T19:50:01.493,1,34/64,Uncommon,Colorless,70,Stage 1,"[3] Rage (10+)
<br>Does 10 damage plus 10 more damage for each damage counter on Dodrio.",,L,F-30,,0.99,2.37,9.95,3.21,,1st Edition,"<strong>Pokémon Power: Retreat Aid</strong> As long as Dodrio is Benched, pay 1 Colorless less to retreat your Active Pokémon."
45137,Dodrio,Dodrio,https://tcgplayer-cdn.tcgplayer.com/product/45137_200w.jpg,3,635,https://cpt.tcgcsv.com/M3n,2025-03-17T19:50:01.493,1,34/64,Uncommon,Colorless,70,Stage 1,"[3] Rage (10+)
<br>Does 10 damage plus 10 more damage for each damage counter on Dodrio.",,L,F-30,,0.25,0.75,4.95,0.72,,Unlimited,"<strong>Pokémon Power: Retreat Aid</strong> As long as Dodrio is Benched, pay 1 Colorless less to retreat your Active Pokémon."
45138,Exeggutor,Exeggutor,https://tcgplayer-cdn.tcgplayer.com/product/45138_200w.jpg,3,635,https://cpt.tcgcsv.com/N3n,2025-05-09T09:39:44.613,1,35/64,Uncommon,Grass,80,Stage 1,"[P] Teleport
<br>Switch Exeggutor with 1 of your Benched Pokémon.","[1] Big Eggsplosion (20x)
<br>Flip a number of coins equal to the number of Energy attached to Exeggutor. This attack does 20 damage times the number of heads.",R,,3,1.1,3.05,9.95,3.47,,1st Edition,
45138,Exeggutor,Exeggutor,https://tcgplayer-cdn.tcgplayer.com/product/45138_200w.jpg,3,635,https://cpt.tcgcsv.com/N3n,2025-05-09T09:39:44.613,1,35/64,Uncommon,Grass,80,Stage 1,"[P] Teleport
<br>Switch Exeggutor with 1 of your Benched Pokémon.","[1] Big Eggsplosion (20x)
<br>Flip a number of coins equal to the number of Energy attached to Exeggutor. This attack does 20 damage times the number of heads.",R,,3,0.29,0.75,70.0,1.03,,Unlimited,
45139,Fearow,Fearow,https://tcgplayer-cdn.tcgplayer.com/product/45139_200w.jpg,3,635,https://cpt.tcgcsv.com/P3n,2024-07-26T19:32:44.237,1,36/64,Uncommon,Colorless,70,Stage 1,"[3] Agility (20)
<br> Flip a coin. If heads, during your opponent's next turn, prevent all effects of attacks, including damage, done to Fearow.",[4] Drill Peck (40),L,F-30,,0.98,1.69,9.95,2.24,,1st Edition,
45139,Fearow,Fearow,https://tcgplayer-cdn.tcgplayer.com/product/45139_200w.jpg,3,635,https://cpt.tcgcsv.com/P3n,2024-07-26T19:32:44.237,1,36/64,Uncommon,Colorless,70,Stage 1,"[3] Agility (20)
<br> Flip a coin. If heads, during your opponent's next turn, prevent all effects of attacks, including damage, done to Fearow.",[4] Drill Peck (40),L,F-30,,0.17,0.57,4.95,0.51,,Unlimited,
45140,Gloom,Gloom,https://tcgplayer-cdn.tcgplayer.com/product/45140_200w.jpg,3,635,https://cpt.tcgcsv.com/Q3n,2025-04-02T03:54:48.883,1,37/64,Uncommon,Grass,60,Stage 1,"[G] Poisonpowder
<br>The Defending Pokémon is now Poisoned.","[GG] Foul Oder (20)
<br>Both the Defending Pokémon and Gloom are now Confused <em>(after doing damage)</em>.",R,,1,0.86,1.99,7.95,2.14,,1st Edition,
45140,Gloom,Gloom,https://tcgplayer-cdn.tcgplayer.com/product/45140_200w.jpg,3,635,https://cpt.tcgcsv.com/Q3n,2025-04-02T03:54:48.883,1,37/64,Uncommon,Grass,60,Stage 1,"[G] Poisonpowder
<br>The Defending Pokémon is now Poisoned.","[GG] Foul Oder (20)
<br>Both the Defending Pokémon and Gloom are now Confused <em>(after doing damage)</em>.",R,,1,0.2,0.5,4.95,0.5,,Unlimited,
45141,Lickitung,Lickitung,https://tcgplayer-cdn.tcgplayer.com/product/45141_200w.jpg,3,635,https://cpt.tcgcsv.com/R3n,2024-09-06T16:35:03.143,1,38/64,Uncommon,Colorless,90,Basic,"[1] Tongue Wrap (10)
<br>Flip a coin. If heads, the Defending Pokémon is now Paralyzed.","[2] Supersonic
<br>Flip a coin. If heads, the Defending Pokémon is now Confused.",F,P-30,3,1.0,2.0,9.95,2.44,,1st Edition,
45141,Lickitung,Lickitung,https://tcgplayer-cdn.tcgplayer.com/product/45141_200w.jpg,3,635,https://cpt.tcgcsv.com/R3n,2024-09-06T16:35:03.143,1,38/64,Uncommon,Colorless,90,Basic,"[1] Tongue Wrap (10)
<br>Flip a coin. If heads, the Defending Pokémon is now Paralyzed.","[2] Supersonic
<br>Flip a coin. If heads, the Defending Pokémon is now Confused.",F,P-30,3,0.2,0.75,4.95,1.11,,Unlimited,
45142,Marowak,Marowak,https://tcgplayer-cdn.tcgplayer.com/product/45142_200w.jpg,3,635,https://cpt.tcgcsv.com/S3n,2023-10-28T16:18:20.533,1,39/64,Uncommon,Fighting,60,Stage 1,"[FF] Bonemerang (30x)
<br>Flip 2 coins. This attack does 30 damage times the number of heads.","[1FF] Call for Friend
<br>Search your deck for a Fighting Basic Pokémon and put it onto your Bench. Shuffle your deck afterward. <em>(You can't use this attack if your Bench is full.)</em>",G,L-30,1,1.25,3.17,39.99,3.46,39.99,1st Edition,
45142,Marowak,Marowak,https://tcgplayer-cdn.tcgplayer.com/product/45142_200w.jpg,3,635,https://cpt.tcgcsv.com/S3n,2023-10-28T16:18:20.533,1,39/64,Uncommon,Fighting,60,Stage 1,"[FF] Bonemerang (30x)
<br>Flip 2 coins. This attack does 30 damage times the number of heads.","[1FF] Call for Friend
<br>Search your deck for a Fighting Basic Pokémon and put it onto your Bench. Shuffle your deck afterward. <em>(You can't use this attack if your Bench is full.)</em>",G,L-30,1,0.28,0.75,88483.32,0.88,,Unlimited,
45143,Nidorina,Nidorina,https://tcgplayer-cdn.tcgplayer.com/product/45143_200w.jpg,3,635,https://cpt.tcgcsv.com/T3n,2023-09-03T05:32:57.853,1,40/64,Uncommon,Grass,70,Stage 1,"[G] Supersonic
<br>Flip a coin. If heads, the Defending Pokémon is now Confused.","[2G] Double Kick (30x)
<br>Flip 2 coins. This attack does 30 damage times the number of heads.",P,,1,0.89,1.57,7.95,2.49,,1st Edition,
45143,Nidorina,Nidorina,https://tcgplayer-cdn.tcgplayer.com/product/45143_200w.jpg,3,635,https://cpt.tcgcsv.com/T3n,2023-09-03T05:32:57.853,1,40/64,Uncommon,Grass,70,Stage 1,"[G] Supersonic
<br>Flip a coin. If heads, the Defending Pokémon is now Confused.","[2G] Double Kick (30x)
<br>Flip 2 coins. This attack does 30 damage times the number of heads.",P,,1,0.12,0.44,4.95,0.41,,Unlimited,
45144,Parasect,Parasect,https://tcgplayer-cdn.tcgplayer.com/product/45144_200w.jpg,3,635,https://cpt.tcgcsv.com/V3n,2025-03-21T19:40:42.463,1,41/64,Uncommon,Grass,60,Stage 1,"[GG] Spore
<br>The Defending Pokémon is now Asleep.",[3] Slash (30),R,,,0.8,1.64,9.95,1.63,,1st Edition,
45144,Parasect,Parasect,https://tcgplayer-cdn.tcgplayer.com/product/45144_200w.jpg,3,635,https://cpt.tcgcsv.com/V3n,2025-03-21T19:40:42.463,1,41/64,Uncommon,Grass,60,Stage 1,"[GG] Spore
<br>The Defending Pokémon is now Asleep.",[3] Slash (30),R,,,0.2,0.55,60465.96,0.77,,Unlimited,
45145,Persian,Persian,https://tcgplayer-cdn.tcgplayer.com/product/45145_200w.jpg,3,635,https://cpt.tcgcsv.com/W3n,2023-07-20T17:03:53.077,1,42/64,Uncommon,Colorless,70,Stage 1,[2] Scratch (20),"[3] Pounce (30)
<br>If the Defending Pokémon attacks Persian during your opponent's next turn, any damage done by the attack is reduced by 10 <em>(after applying Weakness and Resistance)</em>. <em>(Benching either Pokemon ends this effect.)</em>",F,P-30,,1.5,2.29,9.95,3.04,,1st Edition,
45145,Persian,Persian,https://tcgplayer-cdn.tcgplayer.com/product/45145_200w.jpg,3,635,https://cpt.tcgcsv.com/W3n,2023-07-20T17:03:53.077,1,42/64,Uncommon,Colorless,70,Stage 1,[2] Scratch (20),"[3] Pounce (30)
<br>If the Defending Pokémon attacks Persian during your opponent's next turn, any damage done by the attack is reduced by 10 <em>(after applying Weakness and Resistance)</em>. <em>(Benching either Pokemon ends this effect.)</em>",F,P-30,,0.2,0.5,6.94,0.67,,Unlimited,
45146,Primeape,Primeape,https://tcgplayer-cdn.tcgplayer.com/product/45146_200w.jpg,3,635,https://cpt.tcgcsv.com/X3n,2025-03-31T10:04:42.527,1,43/64,Uncommon,Fighting,70,Stage 1,"[FF] Fury Swipes (20x)
<br>Flip 3 coins. This attack does 20 damage times the number of heads.","[1FF] Tantrum (50)
<br>Flip a coin. If tails, Primeape is now Confused <em>(after doing damage)</em>.",P,,1,1.0,2.08,9.95,2.6,,1st Edition,
45146,Primeape,Primeape,https://tcgplayer-cdn.tcgplayer.com/product/45146_200w.jpg,3,635,https://cpt.tcgcsv.com/X3n,2025-03-31T10:04:42.527,1,43/64,Uncommon,Fighting,70,Stage 1,"[FF] Fury Swipes (20x)
<br>Flip 3 coins. This attack does 20 damage times the number of heads.","[1FF] Tantrum (50)
<br>Flip a coin. If tails, Primeape is now Confused <em>(after doing damage)</em>.",P,,1,0.23,0.6,24.99,0.79,,Unlimited,
45147,Rapidash,Rapidash,https://tcgplayer-cdn.tcgplayer.com/product/45147_200w.jpg,3,635,https://cpt.tcgcsv.com/Z3n,2023-07-08T16:35:11.84,1,44/64,Uncommon,Fire,70,Stage 1,"[2] Stomp (20+)
<br>Flip a coin. If heads, this attack does 20 damage plus 10 more damage; if tails, this attack does 20 damage.","[1RR] Agility (30)
<br>Flip a coin. If heads, during your opponent's next turn, prevent all effects of attacks, including damage, done to Rapidash.",W,,,1.48,3.0,19.99,3.86,19.99,1st Edition,
45147,Rapidash,Rapidash,https://tcgplayer-cdn.tcgplayer.com/product/45147_200w.jpg,3,635,https://cpt.tcgcsv.com/Z3n,2023-07-08T16:35:11.84,1,44/64,Uncommon,Fire,70,Stage 1,"[2] Stomp (20+)
<br>Flip a coin. If heads, this attack does 20 damage plus 10 more damage; if tails, this attack does 20 damage.","[1RR] Agility (30)
<br>Flip a coin. If heads, during your opponent's next turn, prevent all effects of attacks, including damage, done to Rapidash.",W,,,0.25,1.0,10.99,1.32,1.84,Unlimited,
45148,Rhydon,Rhydon,https://tcgplayer-cdn.tcgplayer.com/product/45148_200w.jpg,3,635,https://cpt.tcgcsv.com/-3n,2025-02-05T06:06:40.753,1,45/64,Uncommon,Fighting,100,Stage 1,[2F] Horn Attack (30),"[FFFF] Ram (50)
<br>Rhydon does 20 damage to itself, if your opponent has any Benched Pokémon, he or she chooses 1 of them and switches it with the Defending Pokémon. <em>(Do the damage before switching the Pokémon. Switch the Pokémon even if Rhydon is knocked out.)</em>",G,L-30,3,1.65,2.99,9.99,3.94,,1st Edition,
45148,Rhydon,Rhydon,https://tcgplayer-cdn.tcgplayer.com/product/45148_200w.jpg,3,635,https://cpt.tcgcsv.com/-3n,2025-02-05T06:06:40.753,1,45/64,Uncommon,Fighting,100,Stage 1,[2F] Horn Attack (30),"[FFFF] Ram (50)
<br>Rhydon does 20 damage to itself, if your opponent has any Benched Pokémon, he or she chooses 1 of them and switches it with the Defending Pokémon. <em>(Do the damage before switching the Pokémon. Switch the Pokémon even if Rhydon is knocked out.)</em>",G,L-30,3,0.2,0.59,24.99,0.74,,Unlimited,
45149,Seaking,Seaking,https://tcgplayer-cdn.tcgplayer.com/product/45149_200w.jpg,3,635,https://cpt.tcgcsv.com/_3n,2022-11-16T21:44:31.967,1,46/64,Uncommon,Water,70,Stage 1,[W] Horn Attack (10),[1W] Waterfall (30),L,,1,1.0,2.38,9.95,3.21,,1st Edition,
45149,Seaking,Seaking,https://tcgplayer-cdn.tcgplayer.com/product/45149_200w.jpg,3,635,https://cpt.tcgcsv.com/_3n,2022-11-16T21:44:31.967,1,46/64,Uncommon,Water,70,Stage 1,[W] Horn Attack (10),[1W] Waterfall (30),L,,1,0.3,0.57,4.95,0.74,,Unlimited,
45150,Tauros,Tauros,https://tcgplayer-cdn.tcgplayer.com/product/45150_200w.jpg,3,635,https://cpt.tcgcsv.com/05n,2024-04-10T07:39:57.25,1,47/64,Uncommon,Colorless,60,Basic,"[2] Stomp (20+)
<br>Flip a coin. If heads, this attack does 20 damage plus 10 more damage; if tails, this attack does 20 damage.","[3] Rampage (20+)
<br>Does 20 damage plus 10 more damage for each damage counter on Tauros. Flip a coin. If tails, Tauros is now Confused <em>(after doing damage)</em>.",F,P-30,2,1.03,1.97,9.95,2.41,,1st Edition,
45150,Tauros,Tauros,https://tcgplayer-cdn.tcgplayer.com/product/45150_200w.jpg,3,635,https://cpt.tcgcsv.com/05n,2024-04-10T07:39:57.25,1,47/64,Uncommon,Colorless,60,Basic,"[2] Stomp (20+)
<br>Flip a coin. If heads, this attack does 20 damage plus 10 more damage; if tails, this attack does 20 damage.","[3] Rampage (20+)
<br>Does 20 damage plus 10 more damage for each damage counter on Tauros. Flip a coin. If tails, Tauros is now Confused <em>(after doing damage)</em>.",F,P-30,2,0.18,0.5,30.0,0.55,,Unlimited,
45151,Weepinbell,Weepinbell,https://tcgplayer-cdn.tcgplayer.com/product/45151_200w.jpg,3,635,https://cpt.tcgcsv.com/25n,2024-01-08T10:56:54.183,1,48/64,Uncommon,Grass,70,Stage 1,"[G] Poisonpowder (10)
<br>Flip a coin. If heads, the Defending Pokémon is now Poisoned.",[GG] Razor Leaf (30),R,,1,0.78,1.78,100.0,2.12,,1st Edition,
45151,Weepinbell,Weepinbell,https://tcgplayer-cdn.tcgplayer.com/product/45151_200w.jpg,3,635,https://cpt.tcgcsv.com/25n,2024-01-08T10:56:54.183,1,48/64,Uncommon,Grass,70,Stage 1,"[G] Poisonpowder (10)
<br>Flip a coin. If heads, the Defending Pokémon is now Poisoned.",[GG] Razor Leaf (30),R,,1,0.15,0.47,5.74,0.5,,Unlimited,
45152,Bellsprout,Bellsprout,https://tcgplayer-cdn.tcgplayer.com/product/45152_200w.jpg,3,635,https://cpt.tcgcsv.com/35n,2023-10-03T17:32:16.967,1,49/64,Common,Grass,40,Basic,[G] Vine Whip (10),"[G] Call for Family
<br>Search your deck for a Basic Pokémon named Bellsprout and put it onto your Bench. Shuffle your deck afterward. <em>(You can't use this attack if your Bench is full.)</em>",R,,1,0.23,0.98,6.02,0.91,0.59,1st Edition,
45152,Bellsprout,Bellsprout,https://tcgplayer-cdn.tcgplayer.com/product/45152_200w.jpg,3,635,https://cpt.tcgcsv.com/35n,2023-10-03T17:32:16.967,1,49/64,Common,Grass,40,Basic,[G] Vine Whip (10),"[G] Call for Family
<br>Search your deck for a Basic Pokémon named Bellsprout and put it onto your Bench. Shuffle your deck afterward. <em>(You can't use this attack if your Bench is full.)</em>",R,,1,0.05,0.29,4.95,0.24,0.22,Unlimited,
45153,Cubone,Cubone,https://tcgplayer-cdn.tcgplayer.com/product/45153_200w.jpg,3,635,https://cpt.tcgcsv.com/55n,2025-02-01T10:51:57.77,1,50/64,Common,Fighting,40,Basic,"[1] Snivel
<br>If the Defending Pokémon attacks Cubone during your opponent's next turn, any damage done by that attack is reduced by 20 <em>(after applying Weakness and Resistance)</em>. <em>(Benching either Pokemon ends this effect.)</em>","[FF] Rage (10+)
<br>Does 10 damage plus 10 more damage for each damage counter on Cubone.",G,L-30,1,0.4,1.3,54.99,2.29,3.99,1st Edition,
45153,Cubone,Cubone,https://tcgplayer-cdn.tcgplayer.com/product/45153_200w.jpg,3,635,https://cpt.tcgcsv.com/55n,2025-02-01T10:51:57.77,1,50/64,Common,Fighting,40,Basic,"[1] Snivel
<br>If the Defending Pokémon attacks Cubone during your opponent's next turn, any damage done by that attack is reduced by 20 <em>(after applying Weakness and Resistance)</em>. <em>(Benching either Pokemon ends this effect.)</em>","[FF] Rage (10+)
<br>Does 10 damage plus 10 more damage for each damage counter on Cubone.",G,L-30,1,0.18,0.4,50493.24,0.37,,Unlimited,
45154,Eevee,Eevee,https://tcgplayer-cdn.tcgplayer.com/product/45154_200w.jpg,3,635,https://cpt.tcgcsv.com/65n,2024-11-23T10:15:46.523,1,51/64,Common,Colorless,50,Basic,"[1] Tail Wag
<br>Flip a coin. If heads, the Defending Pokémon can't attack Eevee during your opponent's next turn. <em>(Benching either Pokémon ends this effect.)</em>","[2] Quick Attack (10+)
<br>Flip a coin. If heads, this attack does 10 damage plus 20 more damage; if tails, this attack does 10 damage.",F,P-30,1,5.0,9.95,73.75,10.86,12.99,1st Edition,
45154,Eevee,Eevee,https://tcgplayer-cdn.tcgplayer.com/product/45154_200w.jpg,3,635,https://cpt.tcgcsv.com/65n,2024-11-23T10:15:46.523,1,51/64,Common,Colorless,50,Basic,"[1] Tail Wag
<br>Flip a coin. If heads, the Defending Pokémon can't attack Eevee during your opponent's next turn. <em>(Benching either Pokémon ends this effect.)</em>","[2] Quick Attack (10+)
<br>Flip a coin. If heads, this attack does 10 damage plus 20 more damage; if tails, this attack does 10 damage.",F,P-30,1,0.19,0.64,24.99,0.76,,Unlimited,
45155,Exeggcute,Exeggcute,https://tcgplayer-cdn.tcgplayer.com/product/45155_200w.jpg,3,635,https://cpt.tcgcsv.com/75n,2025-02-28T05:29:11.127,1,52/64,Common,Grass,50,Basic,"[P] Hypnosis
<br>The Defending Pokémon is now Asleep.","[GG] Leech Seed (20)
<br>Unless all damage from this attack is prevented, you may remove 1 damage counter from Exeggcute.",R,,1,0.35,0.99,6.69,0.94,0.89,1st Edition,
45155,Exeggcute,Exeggcute,https://tcgplayer-cdn.tcgplayer.com/product/45155_200w.jpg,3,635,https://cpt.tcgcsv.com/75n,2025-02-28T05:29:11.127,1,52/64,Common,Grass,50,Basic,"[P] Hypnosis
<br>The Defending Pokémon is now Asleep.","[GG] Leech Seed (20)
<br>Unless all damage from this attack is prevented, you may remove 1 damage counter from Exeggcute.",R,,1,0.05,0.34,43041.24,0.35,0.28,Unlimited,
45156,Goldeen,Goldeen,https://tcgplayer-cdn.tcgplayer.com/product/45156_200w.jpg,3,635,https://cpt.tcgcsv.com/85n,2025-03-15T10:31:27.117,1,53/64,Common,Water,40,Basic,[W] Horn Attack (10),,L,,,0.48,1.13,350.0,1.11,0.75,1st Edition,
45156,Goldeen,Goldeen,https://tcgplayer-cdn.tcgplayer.com/product/45156_200w.jpg,3,635,https://cpt.tcgcsv.com/85n,2025-03-15T10:31:27.117,1,53/64,Common,Water,40,Basic,[W] Horn Attack (10),,L,,,0.1,0.37,4.95,0.39,0.25,Unlimited,
45157,Jigglypuff,Jigglypuff,https://tcgplayer-cdn.tcgplayer.com/product/45157_200w.jpg,3,635,https://cpt.tcgcsv.com/95n,2024-08-28T21:53:32.523,1,54/64,Common,Colorless,60,Basic,"[1] Lullaby
<br>The Defending Pokémon is now Asleep.",[2] Pound (20),F,P-30,1,0.55,1.0,7.95,1.59,0.99,1st Edition,
45157,Jigglypuff,Jigglypuff,https://tcgplayer-cdn.tcgplayer.com/product/45157_200w.jpg,3,635,https://cpt.tcgcsv.com/95n,2024-08-28T21:53:32.523,1,54/64,Common,Colorless,60,Basic,"[1] Lullaby
<br>The Defending Pokémon is now Asleep.",[2] Pound (20),F,P-30,1,0.1,0.39,4.99,0.34,0.32,Unlimited,
45158,Mankey,Mankey,https://tcgplayer-cdn.tcgplayer.com/product/45158_200w.jpg,3,635,https://cpt.tcgcsv.com/b5n,2025-02-22T11:29:11.733,1,55/64,Common,Fighting,30,Basic,[1] Scratch (10),,P,,,0.25,1.09,22.99,1.27,,1st Edition,"<strong>Pokémon Power: Peek</strong> Once during your turn <em>(before your attack)</em>, you may look at one of the following: the top card of either player's deck, a random card from your opponent's hand, or one of either player's Prizes. This power can't be. used if Mankey is Asleep, Confused, or Paralyzed."
45158,Mankey,Mankey,https://tcgplayer-cdn.tcgplayer.com/product/45158_200w.jpg,3,635,https://cpt.tcgcsv.com/b5n,2025-02-22T11:29:11.733,1,55/64,Common,Fighting,30,Basic,[1] Scratch (10),,P,,,0.1,0.32,29.0,0.32,,Unlimited,"<strong>Pokémon Power: Peek</strong> Once during your turn <em>(before your attack)</em>, you may look at one of the following: the top card of either player's deck, a random card from your opponent's hand, or one of either player's Prizes. This power can't be. used if Mankey is Asleep, Confused, or Paralyzed."
45159,Meowth,Meowth,https://tcgplayer-cdn.tcgplayer.com/product/45159_200w.jpg,3,635,https://cpt.tcgcsv.com/c5n,2024-12-07T14:17:53.923,1,56/64,Common,Colorless,50,Basic,"[2] Pay Day (10)
<br>Flip a coin. If heads, draw a card.",,F,P-30,1,0.52,1.33,7.95,1.7,1.06,1st Edition,
45159,Meowth,Meowth,https://tcgplayer-cdn.tcgplayer.com/product/45159_200w.jpg,3,635,https://cpt.tcgcsv.com/c5n,2024-12-07T14:17:53.923,1,56/64,Common,Colorless,50,Basic,"[2] Pay Day (10)
<br>Flip a coin. If heads, draw a card.",,F,P-30,1,0.15,0.37,15.99,0.36,,Unlimited,
45160,Nidoran F,Nidoran F,https://tcgplayer-cdn.tcgplayer.com/product/45160_200w.jpg,3,635,https://cpt.tcgcsv.com/d5n,2025-03-27T20:22:06.09,1,57/64,Common,Grass,60,Basic,"[G] Fury Swipes (10x)
<br>Flip 3 coins. This attack does 10 damage times the number of heads.","[GG] Call for Family
<br>Search your deck for a Basic Pokémon named Nidoran M or Nidoran F and put it onto your Bench. Shuffle your deck afterward. <em>(You can't use this attack if your Bench is full.)</em>",P,,1,0.3,1.06,8.69,1.03,1.2,1st Edition,
45160,Nidoran F,Nidoran F,https://tcgplayer-cdn.tcgplayer.com/product/45160_200w.jpg,3,635,https://cpt.tcgcsv.com/d5n,2025-03-27T20:22:06.09,1,57/64,Common,Grass,60,Basic,"[G] Fury Swipes (10x)
<br>Flip 3 coins. This attack does 10 damage times the number of heads.","[GG] Call for Family
<br>Search your deck for a Basic Pokémon named Nidoran M or Nidoran F and put it onto your Bench. Shuffle your deck afterward. <em>(You can't use this attack if your Bench is full.)</em>",P,,1,0.05,0.29,25.99,0.26,0.22,Unlimited,
45161,Oddish,Oddish,https://tcgplayer-cdn.tcgplayer.com/product/45161_200w.jpg,3,635,https://cpt.tcgcsv.com/f5n,2025-06-04T03:38:00.93,1,58/64,Common,Grass,50,Basic,"[G] Stun Spore (10)
<br>Flip a coin. If heads, the Defending Pokémon is now Paralyzed.","[GG] Sprout
<br>Search your deck for a Basic Pokémon named Oddish and put it onto your Bench. Shuffle your deck afterward. <em>(You can't use this attack if your Bench is full.)</em>",R,,1,0.24,1.03,5.0,1.13,0.98,1st Edition,
45161,Oddish,Oddish,https://tcgplayer-cdn.tcgplayer.com/product/45161_200w.jpg,3,635,https://cpt.tcgcsv.com/f5n,2025-06-04T03:38:00.93,1,58/64,Common,Grass,50,Basic,"[G] Stun Spore (10)
<br>Flip a coin. If heads, the Defending Pokémon is now Paralyzed.","[GG] Sprout
<br>Search your deck for a Basic Pokémon named Oddish and put it onto your Bench. Shuffle your deck afterward. <em>(You can't use this attack if your Bench is full.)</em>",R,,1,0.05,0.34,4.95,0.36,0.37,Unlimited,
45162,Paras,Paras,https://tcgplayer-cdn.tcgplayer.com/product/45162_200w.jpg,3,635,https://cpt.tcgcsv.com/g5n,2023-01-20T20:52:58.623,1,59/64,Common,Grass,40,Basic,[2] Scratch (20),"[GG] Spore
<br>The Defending Pokémon is now Asleep.",R,,1,0.4,1.0,150.0,1.09,1.47,1st Edition,
45162,Paras,Paras,https://tcgplayer-cdn.tcgplayer.com/product/45162_200w.jpg,3,635,https://cpt.tcgcsv.com/g5n,2023-01-20T20:52:58.623,1,59/64,Common,Grass,40,Basic,[2] Scratch (20),"[GG] Spore
<br>The Defending Pokémon is now Asleep.",R,,1,0.1,0.35,6.44,0.38,0.47,Unlimited,
45163,Pikachu,Pikachu,https://tcgplayer-cdn.tcgplayer.com/product/45163_200w.jpg,3,635,https://cpt.tcgcsv.com/h5n,2025-03-02T14:53:20.79,1,60/64,Common,Lightning,50,Basic,"[LL] Spark (20)
<br>If your opponent has any Benched Pokémon, choose 1 of them and this attack does 10 damage to it. <em>(Don't apply Weakness and Resistance for Benched Pokémon.)</em>",,F,,1,4.0,7.57,51.45,8.39,9.95,1st Edition,
45163,Pikachu,Pikachu,https://tcgplayer-cdn.tcgplayer.com/product/45163_200w.jpg,3,635,https://cpt.tcgcsv.com/h5n,2025-03-02T14:53:20.79,1,60/64,Common,Lightning,50,Basic,"[LL] Spark (20)
<br>If your opponent has any Benched Pokémon, choose 1 of them and this attack does 10 damage to it. <em>(Don't apply Weakness and Resistance for Benched Pokémon.)</em>",,F,,1,0.25,1.03,19.99,1.06,,Unlimited,
45164,Rhyhorn,Rhyhorn,https://tcgplayer-cdn.tcgplayer.com/product/45164_200w.jpg,3,635,https://cpt.tcgcsv.com/j5n,2023-03-05T14:45:52.653,1,61/64,Common,Fighting,70,Basic,"[1] Leer
<br>Flip a coin. If heads, the Defending Pokémon can't attack Rhyhorn during your opponent's next turn. <em>(Benching either Pokémon ends this effect.)</em>",[2F] Horn Attack (30),G,L-30,3,0.19,1.25,8.69,1.44,0.99,1st Edition,
45164,Rhyhorn,Rhyhorn,https://tcgplayer-cdn.tcgplayer.com/product/45164_200w.jpg,3,635,https://cpt.tcgcsv.com/j5n,2023-03-05T14:45:52.653,1,61/64,Common,Fighting,70,Basic,"[1] Leer
<br>Flip a coin. If heads, the Defending Pokémon can't attack Rhyhorn during your opponent's next turn. <em>(Benching either Pokémon ends this effect.)</em>",[2F] Horn Attack (30),G,L-30,3,0.05,0.31,9999.0,0.27,0.28,Unlimited,
45165,Spearow,Spearow,https://tcgplayer-cdn.tcgplayer.com/product/45165_200w.jpg,3,635,https://cpt.tcgcsv.com/k5n,2025-04-12T03:31:18.94,1,62/64,Common,Colorless,50,Basic,[1] Peck (10),"[3] Mirror Move
<br>If Spearow was attacked last turn, do the final result of that attack on Spearow to the Defending Pokémon.",L,F-30,,0.45,1.2,14.99,1.19,,1st Edition,
45165,Spearow,Spearow,https://tcgplayer-cdn.tcgplayer.com/product/45165_200w.jpg,3,635,https://cpt.tcgcsv.com/k5n,2025-04-12T03:31:18.94,1,62/64,Common,Colorless,50,Basic,[1] Peck (10),"[3] Mirror Move
<br>If Spearow was attacked last turn, do the final result of that attack on Spearow to the Defending Pokémon.",L,F-30,,0.03,0.31,4.99,0.29,,Unlimited,
45166,Venonat,Venonat,https://tcgplayer-cdn.tcgplayer.com/product/45166_200w.jpg,3,635,https://cpt.tcgcsv.com/l5n,2025-04-12T03:31:04.1,1,63/64,Common,Grass,40,Basic,"[G] Stun Spore (10)
<br>Flip a coin> If heads, the Defending Pokémon is now Paralyzed.","[1G] Leech Life (10)
<br>Remove a number of damage counters from Venonat equal to the damage done to the Defending Pokémon <em>(after applying Weakness and Resistance)</em>.",R,,1,0.26,1.0,100.0,1.01,0.75,1st Edition,
45166,Venonat,Venonat,https://tcgplayer-cdn.tcgplayer.com/product/45166_200w.jpg,3,635,https://cpt.tcgcsv.com/l5n,2025-04-12T03:31:04.1,1,63/64,Common,Grass,40,Basic,"[G] Stun Spore (10)
<br>Flip a coin> If heads, the Defending Pokémon is now Paralyzed.","[1G] Leech Life (10)
<br>Remove a number of damage counters from Venonat equal to the damage done to the Defending Pokémon <em>(after applying Weakness and Resistance)</em>.",R,,1,0.1,0.3,34338.6,0.26,0.25,Unlimited,
45167,Poke Ball,Poke Ball,https://tcgplayer-cdn.tcgplayer.com/product/45167_200w.jpg,3,635,https://cpt.tcgcsv.com/m5n,2025-04-12T03:31:28.75,1,64/64,Common,Trainer,,,,,,,,0.2,0.59,4.95,0.6,,1st Edition,"Flip a coin. If heads, you may search your deck for any Basic Pokémon or Evolution card. Show that card to your opponent, then put it into your hand. Shuffle your deck afterward."
45167,Poke Ball,Poke Ball,https://tcgplayer-cdn.tcgplayer.com/product/45167_200w.jpg,3,635,https://cpt.tcgcsv.com/m5n,2025-04-12T03:31:28.75,1,64/64,Common,Trainer,,,,,,,,0.05,0.25,37656.36,0.26,,Unlimited,"Flip a coin. If heads, you may search your deck for any Basic Pokémon or Evolution card. Show that card to your opponent, then put it into your hand. Shuffle your deck afterward."
106979,Clefable (17),Clefable 17,https://tcgplayer-cdn.tcgplayer.com/product/106979_200w.jpg,3,635,https://cpt.tcgcsv.com/CPS,2023-04-30T13:46:40.253,1,17/64,Rare,Colorless,70,Stage 1,"[1] Metronome
<br>
Choose 1 of the Defending Pokémon's attacks. Metronome copies that attack except for its Energy costs and anything else required in order to use that attack, such as discarding Energy cards. <em>(No matter what type the Defending Pokémon is, Clefable's type is still Colorless.)</em>","[2] Minimize
<br>
All damage done by attacks to Clefable during your opponent's next turn is reduced by 20 <em>(after applying Weakness and Resistance)</em>.",F,P-30,2,5.71,10.9,24.95,10.8,,1st Edition,
106979,Clefable (17),Clefable 17,https://tcgplayer-cdn.tcgplayer.com/product/106979_200w.jpg,3,635,https://cpt.tcgcsv.com/CPS,2023-04-30T13:46:40.253,1,17/64,Rare,Colorless,70,Stage 1,"[1] Metronome
<br>
Choose 1 of the Defending Pokémon's attacks. Metronome copies that attack except for its Energy costs and anything else required in order to use that attack, such as discarding Energy cards. <em>(No matter what type the Defending Pokémon is, Clefable's type is still Colorless.)</em>","[2] Minimize
<br>
All damage done by attacks to Clefable during your opponent's next turn is reduced by 20 <em>(after applying Weakness and Resistance)</em>.",F,P-30,2,1.59,4.0,12.95,3.98,,Unlimited,
106980,Electrode (18),Electrode 18,https://tcgplayer-cdn.tcgplayer.com/product/106980_200w.jpg,3,635,https://cpt.tcgcsv.com/DPS,2024-09-17T15:23:43.583,1,18/64,Rare,Lightning,90,Stage 1,[2] Tackle (20),"[LLL] Chain Lightning (20)
<br>If the Defending Pokémon isn't Colorless, this attack does 10 damage to each Benched Pokémon of the same type as the Defending Pokémon <em>(including your own)</em>.",F,,1,21.77,30.43,79.95,21.83,,1st Edition,<br><br><strong><em>Product Disclaimer: 1st Edition versions of this card feature the incorrect artwork from Base Set while Unlimited versions will have the correct artwork.</em></strong>
106980,Electrode (18),Electrode 18,https://tcgplayer-cdn.tcgplayer.com/product/106980_200w.jpg,3,635,https://cpt.tcgcsv.com/DPS,2024-09-17T15:23:43.583,1,18/64,Rare,Lightning,90,Stage 1,[2] Tackle (20),"[LLL] Chain Lightning (20)
<br>If the Defending Pokémon isn't Colorless, this attack does 10 damage to each Benched Pokémon of the same type as the Defending Pokémon <em>(including your own)</em>.",F,,1,1.56,4.8,12.95,5.14,,Unlimited,<br><br><strong><em>Product Disclaimer: 1st Edition versions of this card feature the incorrect artwork from Base Set while Unlimited versions will have the correct artwork.</em></strong>
106981,Flareon (19),Flareon 19,https://tcgplayer-cdn.tcgplayer.com/product/106981_200w.jpg,3,635,https://cpt.tcgcsv.com/FPS,2024-02-21T14:38:26.417,1,19/64,Rare,Fire,70,Stage 1,"[2] Quick Attack (10+)
<br>Flip a coin. If heads, this attack does 10 damage plus 20 more damage; if tails, this attack does 10 damage.","[2RR] Flamethrower (60)
<br>Discard 1 Fire Energy card attached to Flareon in order to use this attack.",W,,1,15.71,20.7,49.95,22.13,11.16,1st Edition,
106981,Flareon (19),Flareon 19,https://tcgplayer-cdn.tcgplayer.com/product/106981_200w.jpg,3,635,https://cpt.tcgcsv.com/FPS,2024-02-21T14:38:26.417,1,19/64,Rare,Fire,70,Stage 1,"[2] Quick Attack (10+)
<br>Flip a coin. If heads, this attack does 10 damage plus 20 more damage; if tails, this attack does 10 damage.","[2RR] Flamethrower (60)
<br>Discard 1 Fire Energy card attached to Flareon in order to use this attack.",W,,1,5.49,8.43,24.95,8.74,,Unlimited,
106982,Jolteon (20),Jolteon 20,https://tcgplayer-cdn.tcgplayer.com/product/106982_200w.jpg,3,635,https://cpt.tcgcsv.com/GPS,2024-06-14T18:44:06.097,1,20/64,Rare,Lightning,70,Stage 1,"[2] Quick Attack (10+)
<br>Flip a coin. If heads, this attack does 10 damage plus 20 more damage; if tails, this attack does 10 damage.","[1LL] Pin Missile (20x)
<br>Flip 4 coins. This attack does 20 damage times the number of heads.",F,,1,14.0,19.19,59.95,25.07,,1st Edition,
106982,Jolteon (20),Jolteon 20,https://tcgplayer-cdn.tcgplayer.com/product/106982_200w.jpg,3,635,https://cpt.tcgcsv.com/GPS,2024-06-14T18:44:06.097,1,20/64,Rare,Lightning,70,Stage 1,"[2] Quick Attack (10+)
<br>Flip a coin. If heads, this attack does 10 damage plus 20 more damage; if tails, this attack does 10 damage.","[1LL] Pin Missile (20x)
<br>Flip 4 coins. This attack does 20 damage times the number of heads.",F,,1,6.82,11.24,34.95,13.4,,Unlimited,
106983,Kangaskhan (21),Kangaskhan 21,https://tcgplayer-cdn.tcgplayer.com/product/106983_200w.jpg,3,635,https://cpt.tcgcsv.com/HPS,2023-03-24T18:31:48.413,1,21/64,Rare,Colorless,90,Basic,"[1] Fetch
<br>Draw a card.","[4] Comet Punch (20x)
<br>Flip 4 coins. This attack does 20 damage times the number of heads.",F,P-30,3,5.0,7.39,24.95,10.76,,1st Edition,
106983,Kangaskhan (21),Kangaskhan 21,https://tcgplayer-cdn.tcgplayer.com/product/106983_200w.jpg,3,635,https://cpt.tcgcsv.com/HPS,2023-03-24T18:31:48.413,1,21/64,Rare,Colorless,90,Basic,"[1] Fetch
<br>Draw a card.","[4] Comet Punch (20x)
<br>Flip 4 coins. This attack does 20 damage times the number of heads.",F,P-30,3,2.7,4.01,12.95,4.37,,Unlimited,
106984,Mr. Mime (22),Mr Mime 22,https://tcgplayer-cdn.tcgplayer.com/product/106984_200w.jpg,3,635,https://cpt.tcgcsv.com/JPS,2023-05-20T11:37:34.32,1,22/64,Rare,Psychic,40,Basic,"[1P] Meditate (10+)
<br>Does 10 damage plus 10 more damage for each damage counter on the Defending Pokémon.",,P,,,4.0,11.5,59.99,13.22,,1st Edition,"<strong>Pokémon Power: Invisible Wall</strong> Whenever an attack <em>(including your own)</em> does 30 or more damage to Mr. Mime <em>(after applying Weakness and Resistance)</em>, prevent that damage. <em>(Any other effects of attacks still happen.)</em> This power can't be used if Mr. Mime is Asleep, Confused, or Paralyzed."
106984,Mr. Mime (22),Mr Mime 22,https://tcgplayer-cdn.tcgplayer.com/product/106984_200w.jpg,3,635,https://cpt.tcgcsv.com/JPS,2023-05-20T11:37:34.32,1,22/64,Rare,Psychic,40,Basic,"[1P] Meditate (10+)
<br>Does 10 damage plus 10 more damage for each damage counter on the Defending Pokémon.",,P,,,3.0,5.85,19.95,6.98,,Unlimited,"<strong>Pokémon Power: Invisible Wall</strong> Whenever an attack <em>(including your own)</em> does 30 or more damage to Mr. Mime <em>(after applying Weakness and Resistance)</em>, prevent that damage. <em>(Any other effects of attacks still happen.)</em> This power can't be used if Mr. Mime is Asleep, Confused, or Paralyzed."
106985,Nidoqueen (23),Nidoqueen 23,https://tcgplayer-cdn.tcgplayer.com/product/106985_200w.jpg,3,635,https://cpt.tcgcsv.com/KPS,2023-05-27T17:30:57.64,1,23/64,Rare,Grass,90,Stage 2,"[1G] Boyfriends (20+)
<br>Does 20 damage plus 20 more damage for each Nidoking you have in play.",[2GG] Mega Punch (50),P,,3,6.49,15.15,39.95,13.43,,1st Edition,
106985,Nidoqueen (23),Nidoqueen 23,https://tcgplayer-cdn.tcgplayer.com/product/106985_200w.jpg,3,635,https://cpt.tcgcsv.com/KPS,2023-05-27T17:30:57.64,1,23/64,Rare,Grass,90,Stage 2,"[1G] Boyfriends (20+)
<br>Does 20 damage plus 20 more damage for each Nidoking you have in play.",[2GG] Mega Punch (50),P,,3,3.74,6.28,19.99,6.85,,Unlimited,
106986,Pidgeot (24),Pidgeot 24,https://tcgplayer-cdn.tcgplayer.com/product/106986_200w.jpg,3,635,https://cpt.tcgcsv.com/LPS,2022-11-16T20:52:49.407,1,24/64,Rare,Colorless,80,Stage 2,[2] Wing Attack (20),"[3] Hurricane (30)
<br>Unless this attack Knocks Out the Defending Pokémon, return the Defending Pokémon and all cards attached to it to your opponent's hand.",L,F-30,,11.0,13.75,29.95,11.34,,1st Edition,
106986,Pidgeot (24),Pidgeot 24,https://tcgplayer-cdn.tcgplayer.com/product/106986_200w.jpg,3,635,https://cpt.tcgcsv.com/LPS,2022-11-16T20:52:49.407,1,24/64,Rare,Colorless,80,Stage 2,[2] Wing Attack (20),"[3] Hurricane (30)
<br>Unless this attack Knocks Out the Defending Pokémon, return the Defending Pokémon and all cards attached to it to your opponent's hand.",L,F-30,,2.19,4.62,12.95,4.73,3.99,Unlimited,
106987,Pinsir (25),Pinsir 25,https://tcgplayer-cdn.tcgplayer.com/product/106987_200w.jpg,3,635,https://cpt.tcgcsv.com/MPS,2023-05-13T17:30:29.163,1,25/64,Rare,Grass,60,Basic,"[GG] Irongrip (20)
<br>Flip a coin. If heads, the Defending Pokémon is now Paralyzed.",[2GG] Guillotine (50),R,,1,6.93,14.88,29.95,9.69,,1st Edition,
106987,Pinsir (25),Pinsir 25,https://tcgplayer-cdn.tcgplayer.com/product/106987_200w.jpg,3,635,https://cpt.tcgcsv.com/MPS,2023-05-13T17:30:29.163,1,25/64,Rare,Grass,60,Basic,"[GG] Irongrip (20)
<br>Flip a coin. If heads, the Defending Pokémon is now Paralyzed.",[2GG] Guillotine (50),R,,1,2.0,3.88,12.95,4.04,,Unlimited,
106988,Scyther (26),Scyther 26,https://tcgplayer-cdn.tcgplayer.com/product/106988_200w.jpg,3,635,https://cpt.tcgcsv.com/NPS,2023-06-04T12:55:21.607,1,26/64,Rare,Grass,70,Basic,"[G] Swords Dance
<br>During your next turn, Scyther's Slash attack's base damage is 60 instead of 30.",[3] Slash (30),R,F-30,,13.56,20.23,39.95,19.51,12.2,1st Edition,
106988,Scyther (26),Scyther 26,https://tcgplayer-cdn.tcgplayer.com/product/106988_200w.jpg,3,635,https://cpt.tcgcsv.com/NPS,2023-06-04T12:55:21.607,1,26/64,Rare,Grass,70,Basic,"[G] Swords Dance
<br>During your next turn, Scyther's Slash attack's base damage is 60 instead of 30.",[3] Slash (30),R,F-30,,6.49,12.08,29.95,12.67,,Unlimited,
106989,Snorlax (27),Snorlax 27,https://tcgplayer-cdn.tcgplayer.com/product/106989_200w.jpg,3,635,https://cpt.tcgcsv.com/PPS,2022-11-16T21:47:22.34,1,27/64,Rare,Colorless,90,Basic,"[4] Body Slam (30)
<br>Flip a coin. If heads, the Defending Pokémon is now Paralyzed.",,F,P-30,4,18.54,30.41,49.95,30.66,,1st Edition,"<strong>Pokémon Power: Thick Skinned</strong>
<br>
Snorlax can't become Asleep, Confused, Paralyzed, or Poisoned. This power can't be used if Snorlax is already Asleep, Confused, or Paralyzed."
106989,Snorlax (27),Snorlax 27,https://tcgplayer-cdn.tcgplayer.com/product/106989_200w.jpg,3,635,https://cpt.tcgcsv.com/PPS,2022-11-16T21:47:22.34,1,27/64,Rare,Colorless,90,Basic,"[4] Body Slam (30)
<br>Flip a coin. If heads, the Defending Pokémon is now Paralyzed.",,F,P-30,4,4.77,12.99,49.99,15.74,,Unlimited,"<strong>Pokémon Power: Thick Skinned</strong>
<br>
Snorlax can't become Asleep, Confused, Paralyzed, or Poisoned. This power can't be used if Snorlax is already Asleep, Confused, or Paralyzed."
106990,Vaporeon (28),Vaporeon 28,https://tcgplayer-cdn.tcgplayer.com/product/106990_200w.jpg,3,635,https://cpt.tcgcsv.com/QPS,2023-03-15T11:19:08.583,1,28/64,Rare,Water,80,Stage 1,"[2] Quick Attack (10+)
<br>Flip a coin. If heads, this attack does 10 damage plus 20 more damage; if tails, this attack does 10 damage.","[1WW] Water Gun (30+)
<br>Does 30 damage plus 10 more damage for each Water Energy attached to Vaporeon but not used to pay for this attack's Energy cost. Extra Water energy after the 2nd doesn't count.",L,,1,27.95,34.99,69.95,28.35,,1st Edition,
106990,Vaporeon (28),Vaporeon 28,https://tcgplayer-cdn.tcgplayer.com/product/106990_200w.jpg,3,635,https://cpt.tcgcsv.com/QPS,2023-03-15T11:19:08.583,1,28/64,Rare,Water,80,Stage 1,"[2] Quick Attack (10+)
<br>Flip a coin. If heads, this attack does 10 damage plus 20 more damage; if tails, this attack does 10 damage.","[1WW] Water Gun (30+)
<br>Does 30 damage plus 10 more damage for each Water Energy attached to Vaporeon but not used to pay for this attack's Energy cost. Extra Water energy after the 2nd doesn't count.",L,,1,3.99,8.0,24.95,8.72,,Unlimited,
106991,Venomoth (29),Venomoth 29,https://tcgplayer-cdn.tcgplayer.com/product/106991_200w.jpg,3,635,https://cpt.tcgcsv.com/RPS,2022-11-16T21:58:00.813,1,29/64,Rare,Grass,70,Stage 1,"[GG] Venom Powder (10)
<br>Flip a coin. If heads, the Defending Pokémon is now Confused and Poisoned.",,R,F-30,,6.0,9.35,30.25,9.58,,1st Edition,"<strong>Pokémon Power: Shift</strong> Once during your turn <em>(before your attack)</em>, you may change the type of Venomoth to the type of any other Pokémon in play other than Colorless. This power can't be used if Venomoth is Asleep, Confused, or Paralyzed."
106991,Venomoth (29),Venomoth 29,https://tcgplayer-cdn.tcgplayer.com/product/106991_200w.jpg,3,635,https://cpt.tcgcsv.com/RPS,2022-11-16T21:58:00.813,1,29/64,Rare,Grass,70,Stage 1,"[GG] Venom Powder (10)
<br>Flip a coin. If heads, the Defending Pokémon is now Confused and Poisoned.",,R,F-30,,1.07,2.51,9.95,2.63,,Unlimited,"<strong>Pokémon Power: Shift</strong> Once during your turn <em>(before your attack)</em>, you may change the type of Venomoth to the type of any other Pokémon in play other than Colorless. This power can't be used if Venomoth is Asleep, Confused, or Paralyzed."
106992,Victreebel (30),Victreebel 30,https://tcgplayer-cdn.tcgplayer.com/product/106992_200w.jpg,3,635,https://cpt.tcgcsv.com/SPS,2023-04-03T15:35:21.337,1,30/64,Rare,Grass,80,Stage 2,"[G] Lure
<br>If your opponent has any Benched Pokémon, choose 1 of them and switch it with his or her Active Pokémon.","[GG] Acid (20)
<br>Flip a coin. If heads, the Defending Pokémon can't retreat during your opponent's next turn.",R,,2,7.0,8.94,29.95,11.69,,1st Edition,
106992,Victreebel (30),Victreebel 30,https://tcgplayer-cdn.tcgplayer.com/product/106992_200w.jpg,3,635,https://cpt.tcgcsv.com/SPS,2023-04-03T15:35:21.337,1,30/64,Rare,Grass,80,Stage 2,"[G] Lure
<br>If your opponent has any Benched Pokémon, choose 1 of them and switch it with his or her Active Pokémon.","[GG] Acid (20)
<br>Flip a coin. If heads, the Defending Pokémon can't retreat during your opponent's next turn.",R,,2,2.25,3.97,12.95,4.13,,Unlimited,
106993,Vileplume (31),Vileplume 31,https://tcgplayer-cdn.tcgplayer.com/product/106993_200w.jpg,3,635,https://cpt.tcgcsv.com/TPS,2023-04-25T16:28:49.61,1,31/64,Rare,Grass,80,Stage 2,"[GGG] Petal Dance (40x)
<br>Flip 3 coins. This attack does 40 damage times the number of heads. Vileplume is now Confused <em>(after doing damage)</em>.",,R,None,2,5.75,6.63,29.95,10.88,,1st Edition,"<strong>Pokémon Power: Heal</strong> Once during your turn <em>(before your attack)</em>, you may flip a coin. If heads, remove 1 damage counter from 1 of your Pokémon. This power can't be used if Vileplume is Asleep, Confused, or Paralyzed."
106993,Vileplume (31),Vileplume 31,https://tcgplayer-cdn.tcgplayer.com/product/106993_200w.jpg,3,635,https://cpt.tcgcsv.com/TPS,2023-04-25T16:28:49.61,1,31/64,Rare,Grass,80,Stage 2,"[GGG] Petal Dance (40x)
<br>Flip 3 coins. This attack does 40 damage times the number of heads. Vileplume is now Confused <em>(after doing damage)</em>.",,R,None,2,2.75,4.35,999.99,4.44,,Unlimited,"<strong>Pokémon Power: Heal</strong> Once during your turn <em>(before your attack)</em>, you may flip a coin. If heads, remove 1 damage counter from 1 of your Pokémon. This power can't be used if Vileplume is Asleep, Confused, or Paralyzed."
106994,Wigglytuff (32),Wigglytuff 32,https://tcgplayer-cdn.tcgplayer.com/product/106994_200w.jpg,3,635,https://cpt.tcgcsv.com/VPS,2022-12-18T06:09:58.093,1,32/64,Rare,Colorless,80,Stage 1,"[1] Lullaby
<br>The Defending Pokémon is now Asleep.","[3] Do the Wave (10+)
<br>Does 10 damage plus 10 more damage for each of your Benched Pokémon.",F,P-30,2,6.75,8.82,32.0,14.2,,1st Edition,
106994,Wigglytuff (32),Wigglytuff 32,https://tcgplayer-cdn.tcgplayer.com/product/106994_200w.jpg,3,635,https://cpt.tcgcsv.com/VPS,2022-12-18T06:09:58.093,1,32/64,Rare,Colorless,80,Stage 1,"[1] Lullaby
<br>The Defending Pokémon is now Asleep.","[3] Do the Wave (10+)
<br>Does 10 damage plus 10 more damage for each of your Benched Pokémon.",F,P-30,2,2.25,4.99,14.95,4.98,,Unlimited,
107598,Jungle Booster Box [1st Edition],Jungle Booster Box 1st Edition,https://tcgplayer-cdn.tcgplayer.com/product/107598_200w.jpg,3,635,https://cpt.tcgcsv.com/-2T,2017-07-22T16:01:42,1,,,,,,,,,,,,,,,,,
107599,Jungle Booster Box [Unlimited Edition],Jungle Booster Box Unlimited Edition,https://tcgplayer-cdn.tcgplayer.com/product/107599_200w.jpg,3,635,https://cpt.tcgcsv.com/_2T,2017-07-22T16:01:48.937,1,,,,,,,,,,,,,,,,,
138128,Jungle Booster Pack [1st Edition],Jungle Booster Pack 1st Edition,https://tcgplayer-cdn.tcgplayer.com/product/138128_200w.jpg,3,635,https://cpt.tcgcsv.com/Bg72,2017-07-22T16:01:57.99,1,,,,,,,,,,,410.0,424.98,549.94,357.18,,Normal,Each Jungle 1st Edition Booster Pack contains 11 random cards for Wizards of the Coast printed Jungle set.
138129,Jungle Booster Pack [Unlimited Edition],Jungle Booster Pack Unlimited Edition,https://tcgplayer-cdn.tcgplayer.com/product/138129_200w.jpg,3,635,https://cpt.tcgcsv.com/Cg72,2017-07-22T16:02:06.05,1,,,,,,,,,,,202.0,227.5,299.99,207.97,,Normal,Each Jungle Unlimited Edition Booster Pack contains 11 random cards for Wizards of the Coast printed Jungle set.
234498,"Jungle Theme Deck - ""Power Reserve""",Jungle Theme Deck Power Reserve,https://tcgplayer-cdn.tcgplayer.com/product/234498_200w.jpg,3,635,https://cpt.tcgcsv.com/-PT2,2021-03-15T16:54:31.547,1,,,,,,,,,,,179.99,179.99,179.99,189.99,,Normal,
234499,"Jungle Theme Deck - ""Water Blast""",Jungle Theme Deck Water Blast,https://tcgplayer-cdn.tcgplayer.com/product/234499_200w.jpg,3,635,https://cpt.tcgcsv.com/_PT2,2024-01-25T14:54:54.847,1,,,,,,,,,,,599.99,599.99,599.99,180.06,,Normal,
